Intersection,Postal Code,Vehicle Traffic,Pedestrian Traffic,Average Age,Average Income,Average Number of Children Per Household,Percent of Youth
JARVIS ST and FRONT ST E,M5E 1N3,15662,13535,40,50850,0.930348259,5.3
KING ST E and JARVIS ST,M5A 1J4,12960,7333,39.3,28885,1.258089976,9.8
JARVIS ST and ADELAIDE ST E,M5C,17770,7083,39.8,47791,1.220338983,5.3
JARVIS ST and RICHMOND ST E,M5C 2H6,19678,4369,39.8,47791,1.220338983,5.3
JARVIS ST and QUEEN ST E,M7A 2H6,14487,3368, ,,,
JARVIS ST and SHUTER ST,M5A 1R9,15846,3747,39.3,28885,1.258089976,9.8
JARVIS ST and DUNDAS ST E,M5A 1Z4,17835,5858,39.3,28885,1.258089976,9.8
JARVIS ST and GERRARD ST E,M5B 2L4,18196,6493,36.6,28000,1.186885246,5.7
JARVIS ST and CARLTON ST,M5A 4K2,14222,6165,39.3,28885,1.258089976,9.8
JARVIS ST and WELLESLEY ST E,M5A 4K2,18163,5213,39.3,28885,1.258089976,9.8
JARVIS ST and ISABELLA ST,M4Y 2J1,15197,2713,39.1,32839,0.966371681,4.4
MOUNT PLEASANT RD and CHARLES ST E,M4Y,16280,2976,39.1,32839,0.966371681,4.4
BLOOR ST E and TED ROGERS WAY,M4W 3M4,15844,9810,45.3,49760,1.045380875,10.6
CHURCH ST and FRONT ST E,M5E 1C9,10467,7381,40,50850,0.930348259,5.3
KING ST E and CHURCH ST,M5C 1G6,12017,20866,39.8,47791,1.220338983,5.3
CHURCH ST and ADELAIDE ST E,M5C 2G1,13816,9692,39.8,47791,1.220338983,5.3
CHURCH ST and RICHMOND ST E,M5C 1N8,10374,7179,39.8,47791,1.220338983,5.3
QUEEN ST E and CHURCH ST,M5C 2T3,13867,11799,39.8,47791,1.220338983,5.3
CHURCH ST and SHUTER ST,M5B 1Z2,11028,6952,36.6,28000,1.186885246,5.7
DUNDAS ST E and CHURCH ST,M5B 1Z2,13764,10302,36.6,28000,1.186885246,5.7
CHURCH ST and GERRARD ST E,M5B 1G6,13437,15840,36.6,28000,1.186885246,5.7
CHURCH ST and CARLTON ST,M5A 4K2,11648,11072,39.3,28885,1.258089976,9.8
CHURCH ST and WELLESLEY ST E,M5A 4K2,12231,12520,39.3,28885,1.258089976,9.8
BLOOR ST E and CHURCH ST,M4Y 2G5,18339,27313,39.1,32839,0.966371681,4.4
ADELAIDE ST E and VICTORIA ST,M5C 1J4,9968,18326,39.8,47791,1.220338983,5.3
VICTORIA ST and RICHMOND ST E,Canada,11767,10589, ,,,
QUEEN ST E and VICTORIA ST,M5B 1W8,10087,24100,36.6,28000,1.186885246,5.7
YONGE ST and FRONT ST,M5J 2X6,10996,10950,38.5,47669,0.912935323,6.2
YONGE ST and WELLINGTON ST,M5E,13620,26656,40,50850,0.930348259,5.3
YONGE ST and KING ST,M5E,10911,14579,40,50850,0.930348259,5.3
YONGE ST and ADELAIDE ST,M5C,12454,11224,39.8,47791,1.220338983,5.3
YONGE ST and RICHMOND ST,M5C,9390,19530,39.8,47791,1.220338983,5.3
YONGE ST and QUEEN ST,M5V 2A4,10956,21936,34.2,45581,0.990990991,5.1
YONGE ST and SHUTER ST,M5B 2H1,9525,15491,36.6,28000,1.186885246,5.7
YONGE ST and DUNDAS ST,M5B,10925,34615,36.6,28000,1.186885246,5.7
YONGE ST and GERRARD ST,M5B,10019,21562,36.6,28000,1.186885246,5.7
YONGE ST and CARLTON ST,M5B 1L2,13438,32030,36.6,28000,1.186885246,5.7
YONGE ST and WELLESLEY ST,M4Y 3A6,9051,19591,39.1,32839,0.966371681,4.4
BLOOR ST and YONGE ST,M4Y 2B6,14398,23335,39.1,32839,0.966371681,4.4
YONGE ST and CHURCH ST,M4W,15532,7870,45.3,49760,1.045380875,10.6
YONGE ST and AYLMER AVE,M4W 2K2,13870,3434,45.3,49760,1.045380875,10.6
YONGE ST and CRESCENT RD,M4W,10193,3758,45.3,49760,1.045380875,10.6
YONGE ST and MACPHERSON AVE,M4W 2L8,15632,4127,45.3,49760,1.045380875,10.6
YONGE ST and SHAFTESBURY AVE,M4T 1W1,14363,6199,44.4,50632,1.107883817,13.1
YONGE ST and ST CLAIR AVE,M4T,20437,10303,44.4,50632,1.107883817,13.1
YONGE ST and CHAPLIN CRES,M4S 3B2,19703,18330,41.1,42378,1.037420382,13.3
YONGE ST and MANOR RD,M4S 2A3,14040,3776,41.1,42378,1.037420382,13.3
YONGE ST and EGLINTON AVE,M4P 3C8,23360,20902,40.8,36334,1.064850843,9.6
YONGE ST and BROADWAY AVE,M4P,16937,14176,40.8,36334,1.064850843,9.6
YONGE ST and CASTLEFIELD AVE,M4P 2H7,15456,3080,40.8,36334,1.064850843,9.6
YONGE ST and BLYTHWOOD RD,M4N,19891,1438,42.1,51429,1.100719424,17.4
YONGE ST and GLENGROVE AVE,M4R 1P6,14632,1311,39.4,45447,1.079062958,17.3
YONGE ST and CHATSWORTH DR,M4N 2J9,18003,1409,42.1,51429,1.100719424,17.4
YONGE ST and LAWRENCE AVE,M4N,24489,9198,42.1,51429,1.100719424,17.4
YONGE ST and RANLEIGH AVE,M4N 2L1,18308,5040,42.1,51429,1.100719424,17.4
YONGE ST and FAIRLAWN AVE,M4N,19161,3893,42.1,51429,1.100719424,17.4
YONGE ST and YONGE BLVD,M4N 2N4,24567,2215,42.1,51429,1.100719424,17.4
BAY ST and FRONT ST W,M5J 2T6,18965,17115,38.5,47669,0.912935323,6.2
BAY ST and WELLINGTON ST W,M5J 2T6,16188,32319,38.5,47669,0.912935323,6.2
BAY ST and KING ST W,M5H 1H1,15543,47561,35.8,48171,0.872340426,4
BAY ST and ADELAIDE ST W,M5H 4G3,16489,28424,35.8,48171,0.872340426,4
BAY ST and RICHMOND ST W,M5H 2Y4,10403,26445,35.8,48171,0.872340426,4
BAY ST and QUEEN ST W,M5H,15397,20612,35.8,48171,0.872340426,4
BAY ST and ALBERT ST,M5H 2N3,9430,9629,35.8,48171,0.872340426,4
DUNDAS ST W and BAY ST,M5G 2M8,16598,31918,32.9,26802,1.073913043,7.4
BAY ST and GERRARD ST W,M5G 1Z4,19660,12211,32.9,26802,1.073913043,7.4
BAY ST and COLLEGE ST,M5G,17491,24779,32.9,26802,1.073913043,7.4
BAY ST and WELLESLEY ST W,M5S 3L6,16636,18418,39,26269,1.028423773,5.6
BAY ST and BLOOR ST W,M4W 3B8,19112,29629,45.3,49760,1.045380875,10.6
YORK ST and WELLINGTON ST W,Canada,5575,32338, ,,,
KING ST W and YORK ST,M5X 2A2,12474,20091, ,,,
YORK ST and ADELAIDE ST W,Canada,14130,9142, ,,,
YORK ST and RICHMOND ST W,Canada,9677,11122, ,,,
UNIVERSITY AVE and YORK ST,M5J,16857,17564,38.5,47669,0.912935323,6.2
UNIVERSITY AVE and WELLINGTON ST W,M5J,18390,18152,38.5,47669,0.912935323,6.2
UNIVERSITY AVE and KING ST W,M5H,16694,8406,35.8,48171,0.872340426,4
UNIVERSITY AVE and ADELAIDE ST W,M5H 0A2,20740,5715,35.8,48171,0.872340426,4
UNIVERSITY AVE and RICHMOND ST W,M5H,20727,5525,35.8,48171,0.872340426,4
UNIVERSITY AVE and QUEEN ST W,M5H 4G1,23078,10824,35.8,48171,0.872340426,4
UNIVERSITY AVE and DUNDAS ST W,M5G,30191,28927,32.9,26802,1.073913043,7.4
UNIVERSITY AVE and ELM ST,M5G 1Y7,26595,17276,32.9,26802,1.073913043,7.4
UNIVERSITY AVE and COLLEGE ST,M5S 3H2,20732,12177,39,26269,1.028423773,5.6
QUEENS PARK CRES E and WELLESLEY ST W,M5S 2Z5,15472,5941,39,26269,1.028423773,5.6
QUEENS PARK CRES E and ST JOSEPH ST,M5S,12427,1217,39,26269,1.028423773,5.6
AVENUE RD and BLOOR ST W,M5S 1M4,24059,14885,39,26269,1.028423773,5.6
EGLINTON AVE E and BRENTCLIFFE RD,M4G,26029,1107,41,48823,1.090981013,18.2
EGLINTON AVE E and LAIRD DR,M4G 2L1,19362,2018,41,48823,1.090981013,18.2
EGLINTON AVE E and RUMSEY RD,M4G 1P9,18995,716,41,48823,1.090981013,18.2
EGLINTON AVE E and BAYVIEW AVE,M4G,30378,2880,41,48823,1.090981013,18.2
EGLINTON AVE E and BANFF RD,M4P 1N6,16885,841,40.8,36334,1.064850843,9.6
MOUNT PLEASANT RD and EGLINTON AVE E,M4P 2Z4,20734,6602,40.8,36334,1.064850843,9.6
EGLINTON AVE E and REDPATH AVE,M4P 1A6,14372,6034,40.8,36334,1.064850843,9.6
EGLINTON AVE W and DUPLEX AVE,M4R 2G9,15743,1967,39.4,45447,1.079062958,17.3
EGLINTON AVE W and ORIOLE PKWY,M4R 1A9,13295,488,39.4,45447,1.079062958,17.3
AVENUE RD and EGLINTON AVE W,M4R 1B2,26329,3717,39.4,45447,1.079062958,17.3
EGLINTON AVE W and HEDDINGTON AVE,M5N 1B1,14096,2607,39.8,40021,1.115646259,18.5
EGLINTON AVE W and CHAPLIN CRES,M5N 1B8,19751,1037,39.8,40021,1.115646259,18.5
EGLINTON AVE W and SPADINA RD,M5N 1C2,20620,416,39.8,40021,1.115646259,18.5
BATHURST ST and EGLINTON AVE W,M5N,20547,2504,39.8,40021,1.115646259,18.5
EGLINTON AVE W and GLEN CEDAR RD,M6C 2C6,15770,783,40.2,32457,1.078114004,15.8
EGLINTON AVE W and MARLEE AVE,M6E 2G6,17430,1355,41.3,25364,1.105022831,14
EGLINTON AVE W and OAKWOOD AVE,M6E 2G8,17171,3006,41.3,25364,1.105022831,14
EGLINTON AVE W and NORTHCLIFFE BLVD,M6E 2H6,7308,2900,41.3,25364,1.105022831,14
DUFFERIN ST and EGLINTON AVE W,M6E 2H6,22212,8427,41.3,25364,1.105022831,14
EGLINTON AVE W and ENNERDALE RD,M6E 2J8,9802,3069,41.3,25364,1.105022831,14
AVENUE RD and ELGIN AVE,M5R 3N8,14811,2673,43.6,38077,1.024783147,7.3
AVENUE RD and DAVENPORT RD,M5R 3S4,31510,4661,43.6,38077,1.024783147,7.3
AVENUE RD and DUPONT ST,M5R 2J6,16518,642,43.6,38077,1.024783147,7.3
AVENUE RD and COTTINGHAM ST,M4V 2H2,18929,662,44.9,46582,1.038848921,10.3
AVENUE RD and BALMORAL AVE,M4V 1J7,23332,1605,44.9,46582,1.038848921,10.3
ST CLAIR AVE W and AVENUE RD,M4V 0A1,29303,4696,44.9,46582,1.038848921,10.3
AVENUE RD and LONSDALE RD,M4V,19162,807,44.9,46582,1.038848921,10.3
ORIOLE PKWY and GORMLEY AVE,M4V 1W6,19054,195,44.9,46582,1.038848921,10.3
ORIOLE PKWY and CHAPLIN CRES,M5P 2H1,14555,716,42.7,43296,1.083775186,12.9
AVENUE RD and CHAPLIN CRES,M5P 2K5,19127,601,42.7,43296,1.083775186,12.9
AVENUE RD and ST CLEMENTS AVE,M5N 1M2,18012,970,39.8,40021,1.115646259,18.5
AVENUE RD and GLENGROVE AVE W,M4R 1P4,22274,416,39.4,45447,1.079062958,17.3
AVENUE RD and LAWRENCE AVE W,M5N,27712,2674,39.8,40021,1.115646259,18.5
AVENUE RD and FAIRLAWN AVE,M5M 3Y4,20920,1089,39.1,48777,1.118811881,21.1
AVENUE RD and BROOKE AVE,M5M 4A1,22365,1366,39.1,48777,1.118811881,21.1
AVENUE RD and DUNBLAINE AVE,M5M 4A6,16556,638,39.1,48777,1.118811881,21.1
AVENUE RD and WILSON AVE,M5M,33867,1383,39.1,48777,1.118811881,21.1
YONGE ST and YORK MILLS RD,M2P,38102,1068,43.1,42614,1.087954111,13.9
YONGE ST and SHEPPARD AVE,M2N,38219,12257,39.9,26456,1.005619293,11.5
YONGE ST and EMPRESS AVE,M2N,21274,11387,39.9,26456,1.005619293,11.5
YONGE ST and CHURCH AVE,M2N,20746,5164,39.9,26456,1.005619293,11.5
YONGE ST and FINCH AVE,M2M,29978,13027,43.8,22337,1.050952136,10.4
YONGE ST and CUMMER AVE,M2M,28482,2794,43.8,22337,1.050952136,10.4
YONGE ST and MADAWASKA AVE,M2M,25570,1461,43.8,22337,1.050952136,10.4
YONGE ST and STEELES AVE,M2M 3Y2,42005,6483,43.8,22337,1.050952136,10.4
MOUNT PLEASANT RD and ELM AVE,M4W 1N4,15595,1057,45.3,49760,1.045380875,10.6
MOUNT PLEASANT RD and INGLEWOOD DR,M4T 1H7,16844,493,44.4,50632,1.107883817,13.1
MOUNT PLEASANT RD and ST CLAIR AVE E,M4T 1P1,16436,366,44.4,50632,1.107883817,13.1
MOUNT PLEASANT RD and MOORE AVE,M4T 1V3,14138,237,44.4,50632,1.107883817,13.1
MOUNT PLEASANT RD and MERTON ST,M4S 2L5,19066,744,41.1,42378,1.037420382,13.3
MOUNT PLEASANT RD and DAVISVILLE AVE,M4S,20037,2463,41.1,42378,1.037420382,13.3
MOUNT PLEASANT RD and MANOR RD E,M4S 2N1,16260,1698,41.1,42378,1.037420382,13.3
MOUNT PLEASANT RD and BROADWAY AVE,M4P 2L6,16019,1976,40.8,36334,1.064850843,9.6
MOUNT PLEASANT RD and BLYTHWOOD RD,M4N 1A4,17509,381,42.1,51429,1.100719424,17.4
MOUNT PLEASANT RD and ST LEONARDS AVE,M4N 1K2,11213,186,42.1,51429,1.100719424,17.4
MOUNT PLEASANT RD and LAWRENCE AVE E,M4N 2V1,16832,290,42.1,51429,1.100719424,17.4
KINGSTON RD and MORNINGSIDE AVE,M1E 3E8,25440,2070,41.5,25395,1.242701969,16.1
KINGSTON RD and LAWRENCE AVE E,M1E,32159,2590,41.5,25395,1.242701969,16.1
KINGSTON RD and GALLOWAY RD,M1E,23952,850,41.5,25395,1.242701969,16.1
KINGSTON RD and GUILDWOOD PKWY,M1J,24763,258,38.1,22985,1.263093788,19.6
KINGSTON RD and EGLINTON AVE E,M1J 3N6,26434,306,38.1,22985,1.263093788,19.6
KINGSTON RD and MARKHAM RD,M1M,21905,652,42.6,27311,1.14064603,15.5
KINGSTON RD and MCCOWAN RD,M1M,29118,1137,42.6,27311,1.14064603,15.5
KINGSTON RD and ST CLAIR AVE E,M1M 1M7,22911,604,42.6,27311,1.14064603,15.5
KINGSTON RD and MIDLAND AVE,M1M,21013,1644,42.6,27311,1.14064603,15.5
KINGSTON RD and SANDOWN AVE,M1N 1V3,22525,701,43,32282,1.112191473,14.9
KINGSTON RD and CLAREMORE AVE,M1N 1T8,20066,394,43,32282,1.112191473,14.9
KINGSTON RD and BIRCHMOUNT RD,Canada,13485,286, ,,,
KINGSTON RD and BIRCHCLIFF AVE,M1N 1S4,10312,559,43,32282,1.112191473,14.9
KINGSTON RD and WARDEN AVE,M1N 1R3,14473,700,43,32282,1.112191473,14.9
KINGSTON RD and FALLINGBROOK RD,M1N 1N3,12928,895,43,32282,1.112191473,14.9
KINGSTON RD and VICTORIA PARK AVE,M4E 1T4,14869,2506,40.1,42430,1.095512821,17.7
KINGSTON RD and BEECH AVE,M4E 3J4,11564,821,40.1,42430,1.095512821,17.7
KINGSTON RD and MAIN ST,M4E 1R3,16657,1640,40.1,42430,1.095512821,17.7
KINGSTON RD and WAVERLEY RD,M4L 1V2,12652,778,38.9,35864,1.110366168,18
KINGSTON RD and WOODBINE AVE,M4E 2H6,23556,954,40.1,42430,1.095512821,17.7
KINGSTON RD and DUNDAS ST E,M4L,11441,1020,38.9,35864,1.110366168,18
KINGSTON RD and BRIMLEY RD,M1M 1M5,21729,790,42.6,27311,1.14064603,15.5
CHURCH ST and PARK RD,M4W 2N1,10903,2212,45.3,49760,1.045380875,10.6
UNIVERSITY AVE and ARMOURY ST,M5G 1Y1,23658,7660,32.9,26802,1.073913043,7.4
BAYVIEW AVE and NESBITT DR,M4H,18084,52,34.1,18947,1.204562738,27.4
QUEEN ST E and COXWELL AVE,M4L 1G4,9821,2920,38.9,35864,1.110366168,18
BAYVIEW AVE and MOORE AVE,M4G,22923,753,41,48823,1.090981013,18.2
BAYVIEW AVE and MCRAE DR,M4G 3A7,20257,982,41,48823,1.090981013,18.2
BAYVIEW AVE and MILLWOOD RD,M4S 1K8,18168,2599,41.1,42378,1.037420382,13.3
BAYVIEW AVE and MANOR RD E,M4S 1S8,13751,2011,41.1,42378,1.037420382,13.3
AVENUE RD and EDMUND AVE,M4V 2H4,21764,702,44.9,46582,1.038848921,10.3
QUEEN ST E and RIVER ST,M5A,8869,1047,39.3,28885,1.258089976,9.8
RIVER ST and SHUTER ST,M5A 3P1,6776,718,39.3,28885,1.258089976,9.8
GERRARD ST E and RIVER ST,M5A 3R1,12274,1068,39.3,28885,1.258089976,9.8
BAYVIEW AVE and RIVER ST,M5A,11198,103,39.3,28885,1.258089976,9.8
DANFORTH AVE and SIBLEY AVE,M4C 1M5,11764,1530,39.4,27685,1.100519931,17.2
BAYVIEW AVE and BROADWAY AVE,M4G,16962,1133,41,48823,1.090981013,18.2
DUNDAS ST W and OSSINGTON AVE,M6J 1X2,11860,7315,38.9,31827,1.093990755,9.9
DUNDAS ST W and LANSDOWNE AVE,M6K 1V6,13572,2756,38.4,29348,1.172137126,8.9
DUNDAS ST W and DOVERCOURT RD,M6J 1X8,14775,3301,38.9,31827,1.093990755,9.9
DUNDAS ST W and BROCK AVE,M6K 1V1,10205,2094,38.4,29348,1.172137126,8.9
YORKLAND RD and HERONS HILL WAY,M2J 0A2,9900,840,40.3,24285,1.049421661,14.8
JANE ST and DUNDAS ST W,M6S 4A6,23158,1243,39.8,41745,1.082973621,18.1
DUNDAS ST W and RUNNYMEDE RD,M6S 2S1,18021,1280,39.8,41745,1.082973621,18.1
DUNDAS ST W and PACIFIC AVE,M6P 1Y8,9675,2789,39.7,34539,1.043434848,13.4
DUNDAS ST W and KEELE ST,M6P 1Y7,19464,4643,39.7,34539,1.043434848,13.4
BAYVIEW AVE and POST RD,M2L,27993,564,42.6,37388,1.125153374,14.8
DUFFERIN ST and DUNDAS ST W,M6J 1Y6,14442,5244,38.9,31827,1.093990755,9.9
EGLINTON AVE E and BELLAMY RD N,M1J 2K9,15975,1508,38.1,22985,1.263093788,19.6
EGLINTON AVE E and MCCOWAN RD,M1J,18352,987,38.1,22985,1.263093788,19.6
BAY ST and GROSVENOR ST,M4Y 3G5,11998,6448,39.1,32839,0.966371681,4.4
ST CLAIR AVE W and EARLSCOURT AVE,M6E,7138,1178,41.3,25364,1.105022831,14
DIXON RD and CITY VIEW DR,M9W,21314,484,39.6,24616,1.203563306,16.2
DUNDAS ST W and BATHURST ST,M5T 2S3,15414,10194,40.3,19920,1.240282686,7.4
GERRARD ST E and SACKVILLE ST,M5A 2G7,9592,2707,39.3,28885,1.258089976,9.8
SIMCOE ST and ADELAIDE ST W,M5V 0H5,7279,6248,34.2,45581,0.990990991,5.1
KING ST W and SIMCOE ST,M5H 3X6,8437,25628,35.8,48171,0.872340426,4
BAYVIEW AVE and BLYTHWOOD RD,M4N,24828,765,42.1,51429,1.100719424,17.4
KING ST W and BATHURST ST,M5V 2P9,15478,7878,34.2,45581,0.990990991,5.1
VICTORIA PARK AVE and CRAIGTON DR,M1L,23584,1515,38.3,23496,1.151958674,18.6
LAKE SHORE BLVD E and LOWER SHERBOURNE ST,M5A 3Y4,13327,952,39.3,28885,1.258089976,9.8
HARBOUR ST and YORK ST,M5J 1B7,13737,2168,38.5,47669,0.912935323,6.2
LAKE SHORE BLVD W and YORK ST,M5J,24814,7285,38.5,47669,0.912935323,6.2
LAKE SHORE BLVD E and LESLIE ST,M4M,27371,764,39.7,32114,1.123754153,13.9
LAKE SHORE BLVD E and CARLAW AVE,M4M 1B2,31363,624,39.7,32114,1.123754153,13.9
LAKE SHORE BLVD E and DON ROADWAY,M4M,10974,41,39.7,32114,1.123754153,13.9
LAKE SHORE BLVD E and PARLIAMENT ST,M5A,15771,601,39.3,28885,1.258089976,9.8
LAKE SHORE BLVD E and LOWER JARVIS ST,M5E 1Z2,22735,1895,40,50850,0.930348259,5.3
YONGE ST and LAKE SHORE BLVD W,M5E,10520,2020,40,50850,0.930348259,5.3
LAKE SHORE BLVD W and BAY ST,M5J,17008,13149,38.5,47669,0.912935323,6.2
BAY ST and HARBOUR ST,M5J,18261,7776,38.5,47669,0.912935323,6.2
ADELAIDE ST E and PARLIAMENT ST,M5A 2Y9,9398,685,39.3,28885,1.258089976,9.8
LAKE SHORE BLVD W and SPADINA AVE,Canada,24526,854, ,,,
LAKE SHORE BLVD W and FLEET ST,M5V,26327,2277,34.2,45581,0.990990991,5.1
EGLINTON AVE E and FALMOUTH AVE,M1K,20253,1345,39.9,23092,1.198367859,17
LAKE SHORE BLVD W and BURLINGTON ST,M8V 1A8,8502,1159,42.4,32182,1.095571096,11.4
CHAPLIN CRES and ROSELAWN AVE,M5N 1K9,8121,751,39.8,40021,1.115646259,18.5
EGLINTON AVE E and FORMAN AVE,M4P 1L8,14649,872,40.8,36334,1.064850843,9.6
LAKE SHORE BLVD W and STADIUM RD,M5V,21335,717,34.2,45581,0.990990991,5.1
LAKE SHORE BLVD W and STRACHAN AVE,M5V,25571,163,34.2,45581,0.990990991,5.1
RICHMOND ST E and PARLIAMENT ST,M5A 2Y8,14745,1642,39.3,28885,1.258089976,9.8
LAKE SHORE BLVD W and JAMESON AVE,M6K,10490,252,38.4,29348,1.172137126,8.9
CHURCH ST and CHARLES ST E,M7A 1G6,10905,3660, ,,,
LAKE SHORE BLVD W and PARKSIDE DR,M6K,30083,301,38.4,29348,1.172137126,8.9
QUEENS PARK and QUEENS PARK CRES W,M5S,18591,4063,39,26269,1.028423773,5.6
LAKE SHORE BLVD W and ELLIS AVE,M6S,34804,176,39.8,41745,1.082973621,18.1
LAKE SHORE BLVD W and WINDERMERE AVE,M6S,37009,263,39.8,41745,1.082973621,18.1
LAKE SHORE BLVD W and PARK LAWN RD,M8V,18994,1636,42.4,32182,1.095571096,11.4
LAKE SHORE BLVD W and SUPERIOR AVE,M8V 1B7,8705,2785,42.4,32182,1.095571096,11.4
LAKE SHORE BLVD W and MIMICO AVE,M8V 1C5,7610,2022,42.4,32182,1.095571096,11.4
LAKE SHORE BLVD W and ROYAL YORK RD,M8V 1G4,7179,400,42.4,32182,1.095571096,11.4
LAKE SHORE BLVD W and THIRD ST,M8V,7960,1409,42.4,32182,1.095571096,11.4
JANE ST and 400 S JANE ST RAMP,M6S 3Z5,26623,186,39.8,41745,1.082973621,18.1
LAKE SHORE BLVD W and TENTH ST,M8V 4C7,7847,1503,42.4,32182,1.095571096,11.4
LAKE SHORE BLVD W and KIPLING AVE,M8V 1L5,16881,1076,42.4,32182,1.095571096,11.4
LAKE SHORE BLVD W and TWENTY SECOND ST,M8V 1L9,15944,2967,42.4,32182,1.095571096,11.4
LAKE SHORE BLVD W and THIRTIETH ST,M8W 1N4,11260,638,42,32450,1.105901374,14
LAKE SHORE BLVD W and LONG BRANCH AVE,M8W 1N6,11202,786,42,32450,1.105901374,14
LAKE SHORE BLVD W and THIRTY SEVENTH ST,M8W 1N6,13675,1763,42,32450,1.105901374,14
LAKE SHORE BLVD W and BROWNS LINE,M8W,12072,987,42,32450,1.105901374,14
LAKE SHORE BLVD W and BROW DR,M8W 3P6,10946,280,42,32450,1.105901374,14
PARLIAMENT ST and FRONT ST E,M5A 0B2,14319,1680,39.3,28885,1.258089976,9.8
KING ST E and PARLIAMENT ST,M5A 3Y7,10781,2650,39.3,28885,1.258089976,9.8
QUEEN ST E and PARLIAMENT ST,M5A 1S9,10563,4769,39.3,28885,1.258089976,9.8
PARLIAMENT ST and SHUTER ST,M5A 1W6,8907,2584,39.3,28885,1.258089976,9.8
DUNDAS ST E and PARLIAMENT ST,M5A 2B1,11666,6698,39.3,28885,1.258089976,9.8
PARLIAMENT ST and GERRARD ST E,M5A 2Z7,13840,4702,39.3,28885,1.258089976,9.8
PARLIAMENT ST and CARLTON ST,M5A 2L3,8226,7385,39.3,28885,1.258089976,9.8
PARLIAMENT ST and WELLESLEY ST E,M4X 1P9,12878,4674,39.7,22486,1.193979933,12.7
BLOOR ST E and PARLIAMENT ST,M4X,17264,481,39.7,22486,1.193979933,12.7
SHERBOURNE ST and FRONT ST E,M5A 1E7,13597,4256,39.3,28885,1.258089976,9.8
KING ST E and SHERBOURNE ST,M5A 1J9,10293,4473,39.3,28885,1.258089976,9.8
SHERBOURNE ST and ADELAIDE ST E,M5A 1N3,11996,5275,39.3,28885,1.258089976,9.8
SHERBOURNE ST and RICHMOND ST E,M5A 4S8,14364,5606,39.3,28885,1.258089976,9.8
QUEEN ST E and SHERBOURNE ST,M5A 1S4,11522,4268,39.3,28885,1.258089976,9.8
DUNDAS ST E and SHERBOURNE ST,M5A 2R9,11697,5541,39.3,28885,1.258089976,9.8
SHERBOURNE ST and GERRARD ST E,M5A 2R9,15254,2040,39.3,28885,1.258089976,9.8
SHERBOURNE ST and CARLTON ST,M5A 4K2,8143,4328,39.3,28885,1.258089976,9.8
SHERBOURNE ST and WELLESLEY ST E,M5A 4K2,13302,4262,39.3,28885,1.258089976,9.8
BLOOR ST E and SHERBOURNE ST,M4W,15339,6308,45.3,49760,1.045380875,10.6
FRONT ST W and SIMCOE ST,M5J 1G2,11290,31351,38.5,47669,0.912935323,6.2
SIMCOE ST and WELLINGTON ST W,M5J 1J1,9034,17868,38.5,47669,0.912935323,6.2
DUNDAS ST W and MC CAUL ST,M5T 1W2,10100,11071,40.3,19920,1.240282686,7.4
DUNDAS ST W and BEVERLEY ST,M5T 1G4,11610,4911,40.3,19920,1.240282686,7.4
RICHMOND ST W and DUNCAN ST,M5V 0H5,8831,5417,34.2,45581,0.990990991,5.1
RICHMOND ST W and PETER ST,M5V 2H3,9004,7477,34.2,45581,0.990990991,5.1
RICHMOND ST W and JOHN ST,M5V 2E4,8435,14291,34.2,45581,0.990990991,5.1
ADELAIDE ST W and PETER ST,M5V 1P8,10387,9463,34.2,45581,0.990990991,5.1
BLOOR ST W and ST GEORGE ST,M5S 1W7,12249,20185,39,26269,1.028423773,5.6
SPADINA AVE and FRONT ST W,M5V 2A4,19268,4619,34.2,45581,0.990990991,5.1
SPADINA AVE and KING ST W,M5V,17090,14705,34.2,45581,0.990990991,5.1
SPADINA AVE and ADELAIDE ST W,M5T 0A1,16256,7818,40.3,19920,1.240282686,7.4
SPADINA AVE and RICHMOND ST W,M5T 0A1,14558,9693,40.3,19920,1.240282686,7.4
SPADINA AVE and QUEEN ST W,M5V,15709,19460,34.2,45581,0.990990991,5.1
SPADINA AVE and DUNDAS ST W,M5T 1H2,11107,26960,40.3,19920,1.240282686,7.4
SPADINA AVE and NASSAU ST,M5T,6586,7440,40.3,19920,1.240282686,7.4
SPADINA AVE and COLLEGE ST,M5T,14353,10810,40.3,19920,1.240282686,7.4
SPADINA AVE and HARBORD ST,M5S,17579,7679,39,26269,1.028423773,5.6
BLOOR ST W and SPADINA AVE,M5T 0A1,16003,16470,40.3,19920,1.240282686,7.4
BAYVIEW AVE and ROSEDALE VALLEY RD,M4W,17633,3,45.3,49760,1.045380875,10.6
DUNDAS ST E and COXWELL AVE,M4L 3A7,11544,1007,38.9,35864,1.110366168,18
DUNDAS ST E and WOODFIELD RD,M4L 2W6,8142,834,38.9,35864,1.110366168,18
DUNDAS ST E and GREENWOOD AVE,M4L 2P6,11219,1168,38.9,35864,1.110366168,18
DUNDAS ST E and LESLIE ST,M4M 3C7,7585,992,39.7,32114,1.123754153,13.9
DUNDAS ST E and JONES AVE,M4M 1S7,12020,1377,39.7,32114,1.123754153,13.9
DUNDAS ST E and PAPE AVE,M4M 2W3,10320,1072,39.7,32114,1.123754153,13.9
DUNDAS ST E and CARLAW AVE,M4M 2S1,13161,1241,39.7,32114,1.123754153,13.9
DUNDAS ST E and LOGAN AVE,M4M 2N9,9975,821,39.7,32114,1.123754153,13.9
DUNDAS ST E and BOULTON AVE,M4M 1R4,9276,1155,39.7,32114,1.123754153,13.9
BROADVIEW AVE and DUNDAS ST E,M4M 2G3,11422,2259,39.7,32114,1.123754153,13.9
DUNDAS ST E and RIVER ST,M5A 3P6,14073,1407,39.3,28885,1.258089976,9.8
DANFORTH AVE and BROADVIEW AVE,M4K 1N2,19400,12023,41.4,33632,1.102380952,14.6
BLOOR ST E and CASTLE FRANK RD,M4W 1J3,16611,1040,45.3,49760,1.045380875,10.6
BATHURST ST and QUEEN ST W,M5V 2A4,14588,10895,34.2,45581,0.990990991,5.1
BATHURST ST and FRONT ST W,M5V 2P1,12726,830,34.2,45581,0.990990991,5.1
BATHURST ST and RICHMOND ST W,M5V 2R2,11748,3918,34.2,45581,0.990990991,5.1
LAKE SHORE BLVD W and FLEET ST,M5V,20230,132,34.2,45581,0.990990991,5.1
COLLEGE ST and BATHURST ST,M5T,14329,8776,40.3,19920,1.240282686,7.4
EASTERN AVE and COXWELL AVE,M4L 1E5,12217,533,38.9,35864,1.110366168,18
EASTERN AVE and LESLIE ST,M4L 1A1,12068,1535,38.9,35864,1.110366168,18
BATHURST ST and HARBORD ST,M5S 2R5,15337,3012,39,26269,1.028423773,5.6
BATHURST ST and BARTON AVE,M5R 3G5,19364,2617,43.6,38077,1.024783147,7.3
BATHURST ST and DUPONT ST,M5R 1W5,20173,1975,43.6,38077,1.024783147,7.3
BATHURST ST and NINA ST,M5R 3H8,17065,840,43.6,38077,1.024783147,7.3
BATHURST ST and LONSDALE RD,M5P 1R8,17157,508,42.7,43296,1.083775186,12.9
BATHURST ST and BURTON RD,M5P 1V2,19676,345,42.7,43296,1.083775186,12.9
BATHURST ST and ROSELAWN AVE,M5N 1L2,17781,782,39.8,40021,1.115646259,18.5
BATHURST ST and BRIAR HILL AVE,M6B 2Z6,20567,572,41.3,28048,1.13549832,16.4
BATHURST ST and VIEWMOUNT AVE,M6B 3A1,18617,924,41.3,28048,1.13549832,16.4
BATHURST ST and GLENCAIRN AVE,M6B 1Z1,15498,1482,41.3,28048,1.13549832,16.4
BATHURST ST and SHELBOURNE AVE,Canada,19333,1139, ,,,
BATHURST ST and SARANAC BLVD,M6A 2B2,17368,687,40.4,25258,1.274008811,18.2
BATHURST ST and PRINCE CHARLES DR,M6A 2B5,17900,396,40.4,25258,1.274008811,18.2
BATHURST ST and RANEE AVE,M6A 2C1,12621,666,40.4,25258,1.274008811,18.2
BATHURST ST and NEPTUNE DR,M6A 2C8,18391,991,40.4,25258,1.274008811,18.2
BATHURST ST and JOICEY BLVD,M6A 2E6,19525,1340,40.4,25258,1.274008811,18.2
SHERBOURNE ST and SHUTER ST,M5A 2R6,9862,3786,39.3,28885,1.258089976,9.8
BATHURST ST and WILSON AVE,M3H,25136,6296,40.6,29524,1.115532734,16.3
BLOOR ST W and BATHURST ST,M6G 1K1,17508,12167,41.8,30249,1.111254851,11.8
BLOOR ST W and CHRISTIE ST,M6G 1L5,9761,5757,41.8,30249,1.111254851,11.8
BLOOR ST W and SHAW ST,M6G 1M1,8690,2426,41.8,30249,1.111254851,11.8
BLOOR ST W and DOVERCOURT RD,M6H 1L6,14725,2966,39.5,27401,1.08311229,11.8
DUFFERIN ST and BLOOR ST W,M6H 1M7,20038,12277,39.5,27401,1.08311229,11.8
BLOOR ST W and LANSDOWNE AVE,M6H 1P2,17274,3872,39.5,27401,1.08311229,11.8
DUNDAS ST W and BLOOR ST W,M6P,19755,5303,39.7,34539,1.043434848,13.4
BLOOR ST W and KEELE ST,M6R 2Z9,24538,3018,39.4,37178,1.059615385,15.6
BLOOR ST W and HIGH PARK AVE,M6P 2R5,13028,1996,39.7,34539,1.043434848,13.4
BLOOR ST W and CLENDENAN AVE,M6S 1M4,12170,1826,39.8,41745,1.082973621,18.1
BLOOR ST W and RUNNYMEDE RD,M6S 1N4,14213,11632,39.8,41745,1.082973621,18.1
BLOOR ST W and WINDERMERE AVE,M6S 1P2,13640,5135,39.8,41745,1.082973621,18.1
BLOOR ST W and JANE ST,M6S 1P9,17570,3485,39.8,41745,1.082973621,18.1
BLOOR ST W and SOUTH KINGSWAY,M6S,18595,1640,39.8,41745,1.082973621,18.1
BLOOR ST W and OLD MILL TRL,M8X,15806,496,45.7,50118,1.092948718,14.5
BLOOR ST W and THE KINGSWAY,M8X 1G8,13797,213,45.7,50118,1.092948718,14.5
BLOOR ST W and PRINCE EDWARD DR N,M8X 1B5,21167,1187,45.7,50118,1.092948718,14.5
BLOOR ST W and ROYAL YORK RD,M8X 1C2,23173,3056,45.7,50118,1.092948718,14.5
BLOOR ST W and ISLINGTON AVE,M8X,25266,1833,45.7,50118,1.092948718,14.5
BLOOR ST W and JACKSON AVE,M8X 1B8,13796,722,45.7,50118,1.092948718,14.5
BLOOR ST W and OSSINGTON AVE,M6G 1M5,15518,8063,41.8,30249,1.111254851,11.8
DANFORTH AVE and CHESTER AVE,M4K 2Z9,10312,4132,41.4,33632,1.102380952,14.6
DANFORTH AVE and LOGAN AVE,M4K 3E4,11526,6884,41.4,33632,1.102380952,14.6
DANFORTH AVE and CARLAW AVE,M4K 1P8,10706,3431,41.4,33632,1.102380952,14.6
DANFORTH AVE and PAPE AVE,M4K 1R3,18115,14052,41.4,33632,1.102380952,14.6
DANFORTH AVE and JONES AVE,M4J 1L2,13163,2832,40.4,31118,1.120894161,17.3
DANFORTH AVE and DONLANDS AVE,M4J 1M1,13674,4429,40.4,31118,1.120894161,17.3
DANFORTH AVE and GREENWOOD AVE,M4J 1M3,15446,3536,40.4,31118,1.120894161,17.3
DANFORTH AVE and COXWELL AVE,M4C 3B9,19534,7267,39.4,27685,1.100519931,17.2
DANFORTH AVE and GLEBEMOUNT AVE,M4C 1H8,11852,1152,39.4,27685,1.100519931,17.2
DANFORTH AVE and WOODBINE AVE,M4C 1J6,19125,5227,39.4,27685,1.100519931,17.2
DANFORTH AVE and GLEDHILL AVE,M4C 5K7,12852,1663,39.4,27685,1.100519931,17.2
MAIN ST and DANFORTH AVE,M4C 1L4,15646,7102,39.4,27685,1.100519931,17.2
DANFORTH AVE and DAWES RD,M4C 1L7,13932,1414,39.4,27685,1.100519931,17.2
DANFORTH AVE and VICTORIA PARK AVE,M4C 1N2,21459,5470,39.4,27685,1.100519931,17.2
DANFORTH AVE and PHARMACY AVE,M1L 1B8,16757,831,38.3,23496,1.151958674,18.6
DANFORTH AVE and DANFORTH RD,M1L 1E2,13682,113,38.3,23496,1.151958674,18.6
DANFORTH AVE and WARDEN AVE,M1L 1E1,16187,488,38.3,23496,1.151958674,18.6
DANFORTH AVE and BIRCHMOUNT RD,M1N,10152,230,43,32282,1.112191473,14.9
CLONMORE DR and HOLLIS AVE,M1N,11986,138,43,32282,1.112191473,14.9
GERRARD ST E and VICTORIA PARK AVE,M4E 3T6,18821,1343,40.1,42430,1.095512821,17.7
GERRARD ST E and MALVERN AVE,M4E 2E1,11353,300,40.1,42430,1.095512821,17.7
GERRARD ST E and MAIN ST,M4E 2W1,16181,1627,40.1,42430,1.095512821,17.7
GERRARD ST E and GLENMOUNT PARK RD,M4E 2B8,8606,348,40.1,42430,1.095512821,17.7
GERRARD ST E and WOODBINE AVE,M4L 2C1,16958,1499,38.9,35864,1.110366168,18
GERRARD ST E and BOWMORE RD,M4L 2B3,5543,513,38.9,35864,1.110366168,18
COXWELL AVE and FAIRFORD AVE,M4L 3B7,10215,1892,38.9,35864,1.110366168,18
COXWELL AVE and GERRARD ST E,M4L 3B7,10418,5069,38.9,35864,1.110366168,18
GERRARD ST E and GREENWOOD AVE,M4L 1Y6,12563,2050,38.9,35864,1.110366168,18
GERRARD ST E and JONES AVE,M4M 1Z7,11491,2189,39.7,32114,1.123754153,13.9
GERRARD ST E and PAPE AVE,M4M 1Z4,9482,2677,39.7,32114,1.123754153,13.9
GERRARD ST E and CARLAW AVE,M4K 3H9,14270,3177,41.4,33632,1.102380952,14.6
GERRARD ST E and LOGAN AVE,M4M 1Y8,9363,2688,39.7,32114,1.123754153,13.9
BROADVIEW AVE and GERRARD ST E,M4M 2G9,10982,5053,39.7,32114,1.123754153,13.9
DANFORTH RD and KENNEDY RD,M1K,9900,91,39.9,23092,1.198367859,17
DANFORTH RD and MACK AVE,M1L 3X3,8898,164,38.3,23496,1.151958674,18.6
DANFORTH RD and MIDLAND AVE,M1K,12456,839,39.9,23092,1.198367859,17
DANFORTH RD and BRIMLEY RD,M1J,15225,560,38.1,22985,1.263093788,19.6
EGLINTON AVE E and DANFORTH RD,M1J,22844,1340,38.1,22985,1.263093788,19.6
LAWRENCE AVE E and MCCOWAN RD,M1P,28053,2239,40.5,23548,1.15026643,16.1
DAVENPORT RD and BEDFORD RD,M5R 1J9,17560,1271,43.6,38077,1.024783147,7.3
DAVENPORT RD and DUPONT ST,M5R 1K6,15220,1769,43.6,38077,1.024783147,7.3
DAVENPORT RD and KENDAL AVE,M5R,19157,1078,43.6,38077,1.024783147,7.3
BATHURST ST and DAVENPORT RD,M5R 1L4,20361,657,43.6,38077,1.024783147,7.3
DAVENPORT RD and CHRISTIE ST,M6G 2B4,12464,866,41.8,30249,1.111254851,11.8
DAVENPORT RD and OSSINGTON AVE,M6G 2C3,12077,431,41.8,30249,1.111254851,11.8
DAVENPORT RD and OAKWOOD AVE,M6H 2G7,15267,974,39.5,27401,1.08311229,11.8
DUFFERIN ST and DAVENPORT RD,M6H 2H5,19252,1293,39.5,27401,1.08311229,11.8
DAVENPORT RD and LANSDOWNE AVE,M6H 3Z9,13178,1151,39.5,27401,1.08311229,11.8
DAVENPORT RD and CALEDONIA PARK RD,M6H 3Z8,13876,159,39.5,27401,1.08311229,11.8
OLD WESTON RD and DAVENPORT RD,M6N 1E1,8478,144,40.3,24517,1.174377224,15.4
ST CLAIR AVE E and DANFORTH RD,M1K 1L8,20237,420,39.9,23092,1.198367859,17
WESTON RD and TORYORK DR,M9M 2Y3,14923,695,38.4,23954,1.250494397,18.8
ROGERS RD and KEELE ST,M6M 1B7,16248,3586,39.2,24089,1.298634182,17.3
WESTON RD and ROGERS RD,M6M,24380,2705,39.2,24089,1.298634182,17.3
AVENUE RD and 401 C W AVENUE RD RAMP,Canada,13653,75, ,,,
LAWRENCE AVE E and SCARBOROUGH GOLF CLUB RD,M1G,18423,800,38.6,21241,1.225216065,18.8
LAWRENCE AVE E and BURNVIEW CRES,M1H 1A4,17430,849,39.9,23519,1.125239617,15.9
LAWRENCE AVE W and BENTON RD,M6L 1A3,19469,938,41.6,24345,1.226527571,16.8
LESLIE ST and LAWRENCE AVE E,M3C 3W2,28979,352,41.3,24944,1.1416882,16.5
LAWRENCE AVE E and THE DONWAY W,M3C,21144,1538,41.3,24944,1.1416882,16.5
LAWRENCE AVE E and DON MILLS RD,M3C,30555,2471,41.3,24944,1.1416882,16.5
LAWRENCE AVE E and THE DONWAY E,M3B,22686,1260,44.7,41725,1.04040404,15.3
LAWRENCE AVE E and UNDERHILL DR,M3A,28290,775,40,27357,1.194639719,16.8
DANFORTH AVE and BIRCHMOUNT RD,M1N,8736,140,43,32282,1.112191473,14.9
LAWRENCE AVE E and CURLEW DR,M3A 1C1,27922,1144,40,27357,1.194639719,16.8
LAWRENCE AVE E and VICTORIA PARK AVE,M1R,39515,4699,41.5,24637,1.177477945,15.5
LAWRENCE AVE E and PHARMACY AVE,M1R,46260,1965,41.5,24637,1.177477945,15.5
LAWRENCE AVE E and WARDEN AVE,M1R,36985,2352,41.5,24637,1.177477945,15.5
LAWRENCE AVE E and BIRCHMOUNT RD,M1R,28213,1125,41.5,24637,1.177477945,15.5
LAWRENCE AVE E and CANLISH RD,M1P 2P5,18751,861,40.5,23548,1.15026643,16.1
LAWRENCE AVE E and KENNEDY RD,M1P,33852,2846,40.5,23548,1.15026643,16.1
LAWRENCE AVE E and MIDLAND AVE,M1P,28584,2163,40.5,23548,1.15026643,16.1
LAWRENCE AVE E and BRIMLEY RD,M1J,28408,818,38.1,22985,1.263093788,19.6
LAWRENCE AVE E and BARRYMORE RD,M1P 2V6,16451,565,40.5,23548,1.15026643,16.1
LAWRENCE AVE E and BELLAMY RD N,M1H,27182,1329,39.9,23519,1.125239617,15.9
DANFORTH RD and BIRCHMOUNT RD,M1L,12128,953,38.3,23496,1.151958674,18.6
DANFORTH RD and WARDEN AVE,M1L,15485,385,38.3,23496,1.151958674,18.6
LAWRENCE AVE E and GREENCEDAR CRCT,M1S 5J3,18245,884,43.4,20843,1.072294023,12.5
LAWRENCE AVE E and MARKHAM RD,M1H,25775,4798,39.9,23519,1.125239617,15.9
LAWRENCE AVE W and DUPLEX AVE,M5M 3J5,16248,593,39.1,48777,1.118811881,21.1
LAWRENCE AVE W and LEDBURY ST,M5M 4H1,16089,493,39.1,48777,1.118811881,21.1
BATHURST ST and LAWRENCE AVE W,M6A,22429,3429,40.4,25258,1.274008811,18.2
LAWRENCE AVE W and VARNA DR,M6A 1A5,15584,175,40.4,25258,1.274008811,18.2
LAWRENCE AVE W and MARLEE AVE,M6B 2X4,26015,2862,41.3,28048,1.13549832,16.4
DUFFERIN ST and LAWRENCE AVE W,M6B,29053,2378,41.3,28048,1.13549832,16.4
LAWRENCE AVE W and CALEDONIA RD,M6A,26171,930,40.4,25258,1.274008811,18.2
KEELE ST and LAWRENCE AVE W,M6M,28931,6505,39.2,24089,1.298634182,17.3
LAWRENCE AVE W and CULFORD RD,M6L 1B9,21351,1630,41.6,24345,1.226527571,16.8
JANE ST and LAWRENCE AVE W,M9N,25776,4386,39.3,24983,1.289189189,17.3
WESTON RD and LAWRENCE AVE W,M9N 3P1,15780,4089,39.3,24983,1.289189189,17.3
LAWRENCE AVE W and SCARLETT RD,M9P 2V2,17799,265,44.9,30562,1.15007776,15
DIXON RD and ROYAL YORK RD,M9P,18293,403,44.9,30562,1.15007776,15
DIXON RD and ISLINGTON AVE,M9P,31673,1581,44.9,30562,1.15007776,15
DIXON RD and KIPLING AVE,M9R 1S7,21477,1693,40.9,26328,1.190724089,18
DIXON RD and CELESTINE DR,M9R 3M6,14048,241,40.9,26328,1.190724089,18
DIXON RD and MARTIN GROVE RD,M9W,18377,352,39.6,24616,1.203563306,16.2
EGLINTON AVE W and ROSTREVOR RD,M6C 2C3,13794,1025,40.2,32457,1.078114004,15.8
BROADVIEW AVE and CHESTER HILL RD,M4K 2R4,9311,833,41.4,33632,1.102380952,14.6
BROADVIEW AVE and MORTIMER AVE,M4K 2S2,14845,1027,41.4,33632,1.102380952,14.6
BROADVIEW AVE and COSBURN AVE,M4K 2S5,10153,544,41.4,33632,1.102380952,14.6
O CONNOR DR and PAPE AVE,M4K 2K7,20064,846,41.4,33632,1.102380952,14.6
O CONNOR DR and DONLANDS AVE,M4J 2T8,18634,366,40.4,31118,1.120894161,17.3
O CONNOR DR and DON MILLS RD,M4J,27109,84,40.4,31118,1.120894161,17.3
O CONNOR DR and COXWELL AVE,M4J 2W9,19888,279,40.4,31118,1.120894161,17.3
O CONNOR DR and WOODBINE AVE,M4C,30375,136,39.4,27685,1.100519931,17.2
O CONNOR DR and ST CLAIR AVE E,M4B 2S5,25974,684,41.1,27724,1.166226913,16
O CONNOR DR and BERMONDSEY RD,M4B 2T8,14156,186,41.1,27724,1.166226913,16
O CONNOR DR and VICTORIA PARK AVE,M4A,27980,1929,43.8,25758,1.162352941,14.1
EGLINTON AVE E and EGLINTON SQ,M1L 4T2,29192,446,38.3,23496,1.151958674,18.6
EGLINTON AVE E and VICTORIA PARK AVE,M4A,33095,2166,43.8,25758,1.162352941,14.1
EGLINTON AVE E and PHARMACY AVE,M1L,33335,1396,38.3,23496,1.151958674,18.6
EGLINTON AVE E and LESLIE ST,M3C,35069,194,41.3,24944,1.1416882,16.5
DON MILLS RD and EGLINTON AVE E,M3C 1V4,45185,2597,41.3,24944,1.1416882,16.5
EGLINTON AVE E and BERMONDSEY RD,M4A,29625,1016,43.8,25758,1.162352941,14.1
EGLINTON AVE E and WARDEN AVE,M1L,35905,1947,38.3,23496,1.151958674,18.6
EGLINTON AVE E and SINNOTT RD,M1L,19797,672,38.3,23496,1.151958674,18.6
EGLINTON AVE E and BIRCHMOUNT RD,M1K,39450,3069,39.9,23092,1.198367859,17
EGLINTON AVE E and IONVIEW RD,M1K 2Z2,18929,585,39.9,23092,1.198367859,17
EGLINTON AVE E and KENNEDY RD,M1K,29069,1957,39.9,23092,1.198367859,17
EGLINTON AVE E and MIDLAND AVE,M1K,30334,2723,39.9,23092,1.198367859,17
EGLINTON AVE E and BRIMLEY RD,M1J,27971,2174,38.1,22985,1.263093788,19.6
