,Intersection,Postal Code,Vehicle Traffic,Pedestrian Traffic,Average Age,Average Income,Average Number of Children Per Household,Percent of Youth
0,SPADINA RD and BERNARD AVE,M5R 2T7,16540,817,43.6,38077.0,1.0247,7.3
1,LAWRENCE AVE W and SHERMOUNT AVE,M6A 1A8,9574,1020,40.4,25258.0,1.2740088109999999,18.2
2,LAWRENCE AVE E and GREENCREST CRCT,M1S 5J3,18684,624,43.4,20843.0,1.072294023,12.5
3,LAWRENCE AVE E and GREENBRAE CRCT,M1S 5J3,19547,1352,43.4,20843.0,1.072294023,12.5
4,JANE ST and YEWTREE BLVD,M3N 2K1,17512,990,37.0,20562.0,1.393721634,21.2
5,JANE ST and GILTSPUR DR,M3L,16393,2131,41.3,23447.0,1.23914969,16.2
6,MOUNT PLEASANT RD and SOUDAN AVE,M4S 2N7,16273,181,41.1,42378.0,1.037420382,13.3
7,SHEPPARD AVE W and ARLETA AVE,M3L 2E2,15587,1802,41.3,23447.0,1.23914969,16.2
8,EGLINTON AVE W and BICKNELL AVE,M6M 4H2,18208,1591,39.2,24089.0,1.298634182,17.3
9,LESLIE ST and VAN HORNE AVE,M2J 2X7,16064,1035,40.3,24285.0,1.049421661,14.8
10,KINGSTON RD and FENWOOD HTS,M1M,16128,289,42.6,27311.0,1.14064603,15.5
11,SHEPPARD AVE E and PROVOST DR,M2K 2X6,22778,974,42.9,29936.0,1.015849057,10.9
12,VICTORIA PARK AVE and FINCH AVE E,M1W,21304,512,44.6,21987.0,1.070969716,13.0
13,BLOOR ST W and MARKLAND DR,M9C 1R5,26024,2183,44.5,32380.0,1.083333333,13.1
14,BELLAMY RD N and BRIMORTON DR,M1H 1H1,11386,280,39.9,23519.0,1.125239617,15.9
15,HORNER AVE and THIRTIETH ST,M8W 3C7,11683,159,42.0,32450.0,1.105901374,14.0
16,GERRARD ST E and ONTARIO ST,M5A 2V7,8574,350,39.3,28885.0,1.258089976,9.8
17,MCCOWAN RD and PITFIELD RD,M1S 2Y8,7438,1633,43.4,20843.0,1.072294023,12.5
18,KENNEDY RD and FINCH AVE E,M1T,28954,390,44.0,21851.0,1.092883549,14.2
19,DAVENPORT RD and LAUGHTON AVE,M6N 1C1,30023,1670,40.3,24517.0,1.174377224,15.4
20,DAVENPORT RD and SPADINA RD,M4V 1B5,8170,1293,44.9,46582.0,1.038848921,10.3
21,ST CLAIR AVE W and ARLINGTON AVE,M6C 1B5,9984,1409,40.2,32457.0,1.0781140040000001,15.8
22,KINGSTON RD and CHINE DR,M1M 2L2,9785,2626,42.6,27311.0,1.14064603,15.5
23,BIRCHMOUNT RD and BONIS AVE,M1T 2V1,17421,241,44.0,21851.0,1.092883549,14.2
24,KINGSTON RD and BELLAMY RD S,M1M,15129,289,42.6,27311.0,1.14064603,15.5
25,BRIMLEY RD and BRIMORTON DR,M1P 3G5,26019,632,40.5,23548.0,1.15026643,16.1
26,MIDLAND AVE and MIDWEST RD,M1P 3N6,13790,170,40.5,23548.0,1.15026643,16.1
27,AVENUE RD and ROSELAWN AVE,M5N 2E6,14217,152,39.8,40021.0,1.115646259,18.5
28,WARDEN AVE and BERTRAND AVE,M1L 4E2,21408,940,38.3,23496.0,1.151958674,18.6
30,LAWRENCE AVE W and BENNETT RD,M1E 2T7,19394,83,41.5,25395.0,1.242701969,16.1
31,PHARMACY AVE and TEESDALE PL,M1L,7019,106,38.3,23496.0,1.151958674,18.6
32,FINCH AVE E and WARDEN AVE,M1W,5145,711,44.6,21987.0,1.070969716,13.0
33,KIPLING AVE and HUNTING RIDGE,M9R 1C2,27622,5416,40.9,26328.0,1.1907240890000002,18.0
34,WYNFORD DR and DVP S WYNFORD DR RAMP,M3B 1Z3,10865,164,44.7,41725.0,1.04040404,15.3
35,STEELES AVE E and DON MILLS RD,L3T 7R5,11935,176,44.2,29455.0,1.03005058,12.8
36,DON MILLS RD and MCNICOLL AVE,M2H 2C3,32248,2382,44.9,24239.0,1.0552184470000001,12.6
37,DON MILLS RD E and DEERFORD RD,M2J 3B6,19210,1364,40.3,24285.0,1.049421661,14.8
38,DON MILLS RD E and GODSTONE RD,M2J 3B6,8216,1574,40.3,24285.0,1.049421661,14.8
39,DON MILLS RD W and GOODVIEW RD,M2J 3B6,7659,670,40.3,24285.0,1.049421661,14.8
40,DON MILLS RD W and GOODVIEW RD,M2J 3B6,9179,353,40.3,24285.0,1.049421661,14.8
41,DON MILLS RD and MALLARD RD,M3B,9444,483,44.7,41725.0,1.04040404,15.3
42,DON MILLS RD and CHIPPING RD,M3B 2Z4,23292,502,44.7,41725.0,1.04040404,15.3
43,DON MILLS RD and LEITH HILL RD,M2J 1Z4,18691,176,40.3,24285.0,1.049421661,14.8
44,DUFFERIN ST and BOWIE AVE,M6E 3X7,20633,1590,41.3,25364.0,1.1050228309999999,14.0
45,DANFORTH AVE and LINNSMORE CRES,M4J 1M8,15619,780,40.4,31118.0,1.1208941609999998,17.3
46,SHEPPARD AVE W and CHESSWOOD DR,M3K,9904,3348,42.6,26256.0,1.147959184,14.3
47,LESLIE ST and CLANSMAN BLVD,M2H 1W8,20182,563,44.9,24239.0,1.0552184470000001,12.6
48,KENNEDY RD and MERRIAN RD,M1K 2B8,12763,680,39.9,23092.0,1.198367859,17.0
49,PHARMACY AVE and HUNTINGWOOD DR,M1W 1E8,9064,1701,44.6,21987.0,1.070969716,13.0
50,KINGSTON RD and SCARBOROUGH GOLF CLUB RD,M1M,16120,343,42.6,27311.0,1.14064603,15.5
51,YORK MILLS RD and FENN AVE,M2L 1L1,26512,374,42.6,37388.0,1.1251533740000002,14.8
52,PARK LAWN RD and PARK LAWN GARDINER W RAMP,M8Y,12287,363,40.7,36310.0,1.0473856209999999,14.8
53,THE EAST MALL and NORTH QUEEN ST,M8Z,16768,232,41.8,37937.0,1.049382716,14.5
54,KENNEDY RD and BERTRAND AVE,M1K 2T2,16992,222,39.9,23092.0,1.198367859,17.0
55,GUILDWOOD PKWY and LIVINGSTON RD,M1E 4V2,14179,700,41.5,25395.0,1.242701969,16.1
56,FINCH AVE E and BRAHMS AVE,M2H 1H2,6900,1089,44.9,24239.0,1.0552184470000001,12.6
57,BIRCHMOUNT RD and BAY MILLS BLVD,M1T 2V1,19290,885,44.0,21851.0,1.092883549,14.2
58,FINCH AVE W and ROMFIELD LANE,M3J 1K3,17280,1260,38.1,22132.0,1.2233606559999999,14.4
59,BLOOR ST W and SYMINGTON AVE,M6P 4H6,9679,596,39.7,34539.0,1.043434848,13.4
60,DUFFERIN ST and DUFFERIN PARK AVE,M6H 4B3,10753,1939,39.5,27401.0,1.08311229,11.8
61,BATHURST ST and WELLS ST,M5R 3G6,11740,2516,43.6,38077.0,1.024783147,7.3
62,RENFORTH DR and RATHBURN RD,M9C,13678,804,44.5,32380.0,1.083333333,13.1
63,ALBION RD and WESTON RD ALBION RD RAMP,M9M,12986,554,38.4,23954.0,1.250494397,18.8
64,DON MILLS RD and SENECA HILL DR,M2J 4X7,20352,52,40.3,24285.0,1.049421661,14.8
65,KEELE ST and JUNCTION RD,M6N 3E1,19656,1287,40.3,24517.0,1.174377224,15.4
66,BLOOR ST W and RESURRECTION RD,M9A 5H1,15871,333,43.2,35071.0,1.118164063,13.4
67,FINCH AVE E and HEATHVIEW AVE,M2K,12936,347,42.9,29936.0,1.015849057,10.9
68,ALBION RD and ARCOT BLVD,M9W,16862,176,39.6,24616.0,1.203563306,16.2
69,BRIMLEY RD and PROGRESS AVE,M1P,13737,252,40.5,23548.0,1.15026643,16.1
70,CHRISTIE ST and BARTON AVE,M6G,23949,110,41.8,30249.0,1.111254851,11.8
71,EGLINTON AVE W and GLENHOLME AVE,M6E 2H5,6708,2037,41.3,25364.0,1.1050228309999999,14.0
73,JANE ST and HANEY AVE,M6N 4B8,10404,448,40.3,24517.0,1.174377224,15.4
74,JANE ST and RITA DR,M3L 2G6,12934,421,41.3,23447.0,1.23914969,16.2
75,YORK MILLS RD and UPPER HIGHLAND CRES,M2L 1K4,13425,664,42.6,37388.0,1.1251533740000002,14.8
76,YORK MILLS RD and BANBURY RD,M2L,12160,175,42.6,37388.0,1.1251533740000002,14.8
77,MIDLAND AVE and STANSBURY CRES,M1K 4H2,14817,741,39.9,23092.0,1.198367859,17.0
78,MIDLAND AVE and DORCOT AVE,M1P 3J8,10276,376,40.5,23548.0,1.15026643,16.1
79,ELLESMERE RD and ORTON PARK RD,M1G,13229,182,38.6,21241.0,1.225216065,18.8
80,BAYVIEW AVE and TRUMAN RD,M2L 2X9,11223,170,42.6,37388.0,1.1251533740000002,14.8
81,KENNEDY RD and MUNHAM GT,M1P,27623,231,40.5,23548.0,1.15026643,16.1
82,VICTORIA PARK AVE and OLD SHEPPARD AVE,M1W 1A1,21548,193,44.6,21987.0,1.070969716,13.0
83,MARTIN GROVE RD and BETHRIDGE RD,M9W,16456,491,39.6,24616.0,1.203563306,16.2
84,ST CLAIR AVE W and LAUGHTON AVE,M6N 1H8,13117,42,40.3,24517.0,1.174377224,15.4
85,ISLINGTON AVE and BERING AVE,M8Z 4S3,9478,1265,41.8,37937.0,1.049382716,14.5
86,THE QUEENSWAY and ZORRA ST,M8Z 1R6,16575,400,41.8,37937.0,1.049382716,14.5
87,ADELAIDE ST W and JOHN ST,M5V 2E2,17377,300,34.2,45581.0,0.990990991,5.1
88,FINCH AVE W and ALEXDON RD,M3J 3J7,10620,16007,38.1,22132.0,1.2233606559999999,14.4
89,FINCH AVE E and PHARMACY AVE,M1W,18368,178,44.6,21987.0,1.070969716,13.0
90,DUFFERIN ST and SHANLY ST,M6H 4B7,21995,935,39.5,27401.0,1.08311229,11.8
91,MARLEE AVE and RIDELLE AVE,M6B 3H4,12075,663,41.3,28048.0,1.13549832,16.4
92,FINCH AVE W and 400 S FINCH W RAMP,M3N 2V7,10447,1894,37.0,20562.0,1.393721634,21.2
93,WESTON RD and LANYARD RD,M9M,35320,31,38.4,23954.0,1.250494397,18.8
94,RICHMOND ST W and PORTLAND ST,M5V 3Y1,14428,250,34.2,45581.0,0.990990991,5.1
95,MIDLAND AVE and MARCOS BLVD,M1K 4C3,6624,5835,39.9,23092.0,1.198367859,17.0
96,YONGE ST and NORTH YORK BLVD,M2N,11315,524,39.9,26456.0,1.005619293,11.5
97,YONGE ST and ELMHURST AVE,M2N 6A8,26555,8472,39.9,26456.0,1.005619293,11.5
98,YONGE ST and KEMPFORD BLVD,M2N,20571,14166,39.9,26456.0,1.005619293,11.5
99,ALBION RD and THISTLE DOWN BLVD,M9V 1A4,17603,2549,37.4,21812.0,1.229150013,19.2
100,DANFORTH RD and HART AVE,M1K 1G4,14391,462,39.9,23092.0,1.198367859,17.0
101,THE WEST MALL and EVA RD,M9C 1E8,10444,117,44.5,32380.0,1.083333333,13.1
104,DON MILLS RD and CLIFFWOOD RD,M2H 3G6,34213,85,44.9,24239.0,1.0552184470000001,12.6
105,SHEPPARD AVE E and MORNINGSIDE AVE,M1B,17033,828,38.9,23742.0,1.191561901,17.4
106,BRIMLEY RD and SHEPPARD AVE E,M1S,20063,1274,43.4,20843.0,1.072294023,12.5
107,MIDLAND AVE and HUNTINGWOOD DR,M1S 1S2,26138,1233,43.4,20843.0,1.072294023,12.5
108,KENNEDY RD and HUNTINGWOOD DR,M1T,16513,210,44.0,21851.0,1.092883549,14.2
109,MORNINGSIDE AVE and MILITARY TRL,M1C 5J1,26869,167,42.1,33746.0,1.07523511,14.7
110,VICTORIA PARK AVE and MORECAMBE GT,M2H 2W3,20086,1845,44.9,24239.0,1.0552184470000001,12.6
111,BLOOR ST W and MARKLAND DR,M9C 1R5,12138,573,44.5,32380.0,1.083333333,13.1
112,STEELES AVE W and HILDA AVE,L4J 5R4,13528,375,41.1,32206.0,1.073268774,17.0
113,KINGSTON RD and RIDGEMOOR AVE,M1N 1T8,31286,1322,43.0,32282.0,1.112191473,14.9
114,DUNDAS ST E and MUNRO ST,M4M 1R2,19226,799,39.7,32114.0,1.123754153,13.9
115,BAYVIEW AVE and MCKEE AVE,M2K 1G1,9504,764,42.9,29936.0,1.015849057,10.9
116,VICTORIA PARK AVE and PATRICK BLVD,M1T 1A5,19544,297,44.0,21851.0,1.092883549,14.2
117,LESLIE ST and MAROWYNE DR,M2J,18291,774,40.3,24285.0,1.049421661,14.8
118,EGLINTON AVE W and VESTA DR,M5N 1C8,15715,380,39.8,40021.0,1.115646259,18.5
119,KENNEDY RD and CORVETTE AVE,M1K 2B8,14444,1220,39.9,23092.0,1.198367859,17.0
120,LAWRENCE AVE W and DUFFLAW RD,M6A 1C3,8652,447,40.4,25258.0,1.2740088109999999,18.2
121,BERMONDSEY RD and BARTLEY DR,M4A 1X3,16614,710,43.8,25758.0,1.162352941,14.1
122,EGLINTON AVE E and DONLEA DR,M4G 2K3,11486,129,41.0,48823.0,1.090981013,18.2
123,WESTON RD and ERNEST DOCKRAY AVE,M6M 4R7,19076,252,39.2,24089.0,1.298634182,17.3
124,JANE ST and CLAIR RD,M3L 1S5,7467,412,41.3,23447.0,1.23914969,16.2
125,SHEPPARD AVE W and RIVALDA RD,M9M 1M2,16322,1520,38.4,23954.0,1.250494397,18.8
126,BATHURST ST and LAURELCREST AVE,M3H 5V3,13949,330,40.6,29524.0,1.115532734,16.3
127,WILSON AVE and WENDELL AVE,M9M 1A2,16394,530,38.4,23954.0,1.250494397,18.8
128,VICTORIA PARK AVE and DAWES RD,M4B 2K3,15883,457,41.1,27724.0,1.166226913,16.0
129,MARTIN GROVE RD and JOHN GARLAND BLVD,M9V,13423,565,37.4,21812.0,1.229150013,19.2
130,MARTIN GROVE RD and 409 E MARTIN GROVE RAMP,M9B 4M1,12545,1604,41.7,35332.0,1.096271826,15.7
131,MARTIN GROVE RD and 409 W MARTIN GROVE RAMP,M9B 4M1,15019,16,41.7,35332.0,1.096271826,15.7
132,ROYAL YORK RD and RENAULT CRES,M9P 3V8,13660,13,44.9,30562.0,1.15007776,15.0
133,WILLOWDALE AVE and EMPRESS AVE,M2N 4Z8,11858,1078,39.9,26456.0,1.005619293,11.5
134,DUFFERIN ST and JANE OSLER BLVD,M6A 3A4,9891,225,40.4,25258.0,1.2740088109999999,18.2
135,FINCH AVE E and BIRCHMOUNT RD,M1V,23906,727,42.3,19249.0,1.112898971,14.3
136,ROYAL YORK RD and TREHORNE DR,M9P 3B5,22979,1693,44.9,30562.0,1.15007776,15.0
137,WILSON HEIGHTS BLVD and REINER RD,M3H 2V4,10962,606,40.6,29524.0,1.115532734,16.3
138,SHEPPARD AVE E and LAPSLEY RD,M1B 1H3,19247,501,38.9,23742.0,1.191561901,17.4
139,STEELES AVE E and VICTORIA PARK AVE,L3R 1G9,11802,808,42.6,23650.0,1.048257373,13.8
140,COLLEGE ST and EUCLID AVE,M6G 1A6,37189,701,41.8,30249.0,1.111254851,11.8
141,FINCH AVE E and CHEROKEE BLVD,M2H 2K2,8941,4410,44.9,24239.0,1.0552184470000001,12.6
142,HARBORD ST and HURON ST,M5S 1A5,20707,694,39.0,26269.0,1.0284237729999999,5.6
143,SPADINA AVE and ST ANDREW ST,M5T 1J5,8554,5206,40.3,19920.0,1.240282686,7.4
144,BAYVIEW AVE and BAYVIEW MEWS LANE,M2N 5Z7,8810,2635,39.9,26456.0,1.005619293,11.5
145,ISLINGTON AVE and FORDWICH CRES,M9W 3X9,23558,620,39.6,24616.0,1.203563306,16.2
146,WESTON RD and FENMAR DR,M9L,11624,282,41.0,22884.0,1.199507389,17.0
147,KINGSTON RD and OLD KINGSTON RD,M1C 1K5,12810,42,42.1,33746.0,1.07523511,14.7
148,YONGE ST and BISHOP AVE,M2M,17751,236,43.8,22337.0,1.050952136,10.4
149,KING ST W and BLUE JAYS WAY,M5V 1J6,24802,2603,34.2,45581.0,0.990990991,5.1
150,COLLEGE ST and BROCK AVE,M6H 1C1,9780,18756,39.5,27401.0,1.08311229,11.8
151,COLLEGE ST and BORDEN ST,M5T 2N9,12364,2631,40.3,19920.0,1.240282686,7.4
152,STEELES AVE W and NORFINCH DR,L4K,9614,3907,41.5,29373.0,1.051813472,14.9
153,ALBION RD and SILVERSTONE DR,M9V 3K8,24513,218,37.4,21812.0,1.229150013,19.2
156,HIGHWAY 27 and CARRIER DR,M9W,22596,2759,39.6,24616.0,1.203563306,16.2
157,HIGHWAY 27 and BELFIELD RD,M9W,16961,132,39.6,24616.0,1.203563306,16.2
158,HIGHWAY 27 and REXDALE BLVD,M9W,26115,18,39.6,24616.0,1.203563306,16.2
159,HIGHWAY 27 and HUMBER COLLEGE BLVD,M9V,23934,216,37.4,21812.0,1.229150013,19.2
160,HIGHWAY 27 and FINCH AVE W,M9W 0B3,31536,1706,39.6,24616.0,1.203563306,16.2
161,HIGHWAY 27 and ALBION RD,M9V,28436,318,37.4,21812.0,1.229150013,19.2
162,BIRCHMOUNT RD and TIMBERBANK BLVD,M1T 2Z7,26181,162,44.0,21851.0,1.092883549,14.2
163,LAWRENCE AVE E and COLLINSGROVE RD,M1E 2S5,12495,213,41.5,25395.0,1.242701969,16.1
164,BIRCHMOUNT RD and L AMOREAUX DR,M1W 2S4,11358,728,44.6,21987.0,1.070969716,13.0
165,BATHURST ST and CODSELL AVE,M3H 3V5,13557,634,40.6,29524.0,1.115532734,16.3
166,SHEPPARD AVE W and BEECROFT RD,M2N,18845,224,39.9,26456.0,1.005619293,11.5
167,BRIMLEY RD and HUNTINGWOOD DR,M1S 2W1,21536,1356,43.4,20843.0,1.072294023,12.5
168,BRIMLEY RD and TRITON RD,M1P,22022,1042,40.5,23548.0,1.15026643,16.1
169,JANE ST and EDDYSTONE AVE,M3N 2H7,17772,60,37.0,20562.0,1.393721634,21.2
170,KEELE ST and TORO RD,M3J 2A4,15750,642,38.1,22132.0,1.2233606559999999,14.4
171,KIPLING AVE and TABER RD,M9W 4K8,11983,513,39.6,24616.0,1.203563306,16.2
172,MCCOWAN RD and CHANNEL NINE CRT,M1S,9276,697,43.4,20843.0,1.072294023,12.5
173,FINCH AVE E and MCCOWAN RD,M1V,33357,743,42.3,19249.0,1.112898971,14.3
174,FINCH AVE E and SANDHURST CRCL,M1S 4K4,20529,3724,43.4,20843.0,1.072294023,12.5
175,FINCH AVE E and BRIMLEY RD,M1V,15835,2056,42.3,19249.0,1.112898971,14.3
176,FINCH AVE E and ALEXMUIR BLVD,M1V,21864,570,42.3,19249.0,1.112898971,14.3
177,FINCH AVE E and MIDLAND AVE,M1S,16079,244,43.4,20843.0,1.072294023,12.5
178,FINCH AVE E and GORDON BAKER RD,M2H,24535,1891,44.9,24239.0,1.0552184470000001,12.6
179,FINCH AVE E and 404 S FINCH RAMP,M2M 4L9,28085,136,43.8,22337.0,1.050952136,10.4
181,MORNINGSIDE AVE and CORONATION DR,M1E 2H9,27994,9709,41.5,25395.0,1.242701969,16.1
182,STEELES AVE E and TOWNSEND RD,L3T,7032,296,44.2,29455.0,1.03005058,12.8
183,FINCH AVE E and BRIDLETOWNE CRCL,M1W,25166,618,44.6,21987.0,1.070969716,13.0
184,PHARMACY AVE and BRIAN AVE,M1R 2H5,19531,920,41.5,24637.0,1.177477945,15.5
185,KINGSTON RD and MANSE RD,M1E 3V8,9199,689,41.5,25395.0,1.242701969,16.1
186,KINGSTON RD and BEECHGROVE DR,M1E,18991,258,41.5,25395.0,1.242701969,16.1
187,STEELES AVE E and PHARMACY AVE,L3R 9Z7,18824,534,42.6,23650.0,1.048257373,13.8
188,STEELES AVE E and WARDEN AVE,L3R 3G5,50332,884,42.6,23650.0,1.048257373,13.8
189,STEELES AVE E and KENNEDY RD,L3R 4K9,41078,2125,42.6,23650.0,1.048257373,13.8
190,KINGSTON RD and CELESTE DR,M1E,36162,3170,41.5,25395.0,1.242701969,16.1
191,BATHURST ST and BAINBRIDGE AVE,M3H 2J7,20605,246,40.6,29524.0,1.115532734,16.3
192,ELLESMERE RD and MILITARY TRL,M1C,17288,485,42.1,33746.0,1.07523511,14.7
193,DUFFERIN ST and DOLOMITE DR,M3H 5V9,9644,2498,40.6,29524.0,1.115532734,16.3
194,DUFFERIN ST and MARTIN ROSS AVE,M3H 5S4,21972,318,40.6,29524.0,1.115532734,16.3
195,ISLINGTON AVE and MILADY RD,M9L,33369,278,41.0,22884.0,1.199507389,17.0
196,ISLINGTON AVE and MILLWICK DR,M9L 1K8,12616,191,41.0,22884.0,1.199507389,17.0
197,SHEPPARD AVE E and DORIS AVE,M2N 5W9,15248,244,39.9,26456.0,1.005619293,11.5
198,KINGSTON RD and PORT UNION RD,M1B,22020,5683,38.9,23742.0,1.191561901,17.4
200,MARKHAM RD and MILNER AVE,M1B,12030,62,38.9,23742.0,1.191561901,17.4
201,ISLINGTON AVE and DUNCANWOODS DR,M9L 2E7,27266,398,41.0,22884.0,1.199507389,17.0
202,FINCH AVE E and KENNETH AVE,M2N,12551,255,39.9,26456.0,1.005619293,11.5
203,FINCH AVE W and TALBOT RD,M2N,17182,1914,39.9,26456.0,1.005619293,11.5
204,CARLINGVIEW DR and DISCO RD,M9W,16970,933,39.6,24616.0,1.203563306,16.2
205,STEELES AVE W and ISLINGTON AVE,M9L 2V1,8605,24,41.0,22884.0,1.199507389,17.0
206,STEELES AVE W and FENMAR DR,M9L,25650,327,41.0,22884.0,1.199507389,17.0
207,KIPLING AVE and GREENSBORO DR,M9W,29911,207,39.6,24616.0,1.203563306,16.2
208,KIPLING AVE and BETHRIDGE RD,M9W,12519,67,39.6,24616.0,1.203563306,16.2
209,MARTIN GROVE RD and RACINE RD,M9W 4X5,15334,267,39.6,24616.0,1.203563306,16.2
210,JANE ST and DRIFTWOOD AVE,M3N 2K7,11430,42,37.0,20562.0,1.393721634,21.2
211,STEELES AVE W and FOUNDERS RD,M3J,17278,2030,38.1,22132.0,1.2233606559999999,14.4
212,KEELE ST and ST REGIS CRES,M3J 3H6,22202,233,38.1,22132.0,1.2233606559999999,14.4
214,WARDEN AVE and BRIDLETOWNE CRCL,M1W 2K1,15542,47,44.6,21987.0,1.070969716,13.0
215,FINCH AVE E and BRIDLETOWNE CRCL,M1W,16559,399,44.6,21987.0,1.070969716,13.0
216,PORT UNION RD and ISLAND RD,M1C,17950,717,42.1,33746.0,1.07523511,14.7
217,SHEPPARD AVE E and MEADOWVALE RD,M1B,16226,35,38.9,23742.0,1.191561901,17.4
218,FINCH AVE W and VIRGILWOOD DR,M2R 1N5,13970,977,43.4,22768.0,1.118441971,13.1
219,NEILSON RD and SHEPPARD AVE E,M1B,16149,1352,38.9,23742.0,1.191561901,17.4
220,FINCH AVE W and PEARLDALE AVE,M9M,20370,573,38.4,23954.0,1.250494397,18.8
221,FINCH AVE W and JOHN GARLAND BLVD,M9V 4H1,20464,964,37.4,21812.0,1.229150013,19.2
222,KING ST W and PORTLAND ST,M5V 1M1,13898,1047,34.2,45581.0,0.990990991,5.1
223,WESTON RD and ORMONT DR,M9L 2S8,9793,14142,41.0,22884.0,1.199507389,17.0
224,WESTON RD and STARVIEW LANE,M9M 2T1,11106,372,38.4,23954.0,1.250494397,18.8
225,FAIRVIEW MALL DR and GODSTONE RD,M2J 3C4,19958,562,40.3,24285.0,1.049421661,14.8
226,STEELES AVE W and TORRESDALE AVE,M2R 3K1,8962,1980,43.4,22768.0,1.118441971,13.1
227,STEELES AVE W and HIDDEN TRL,M2R 3V1,22189,407,43.4,22768.0,1.118441971,13.1
228,STEELES AVE W and ALNESS ST,L4K 1E8,23916,600,41.5,29373.0,1.051813472,14.9
229,STEELES AVE W and SIGNET DR,L4L,17170,159,45.2,31927.0,1.089443997,12.7
230,LESLIE ST and RAVEL RD,M2H 1S9,19719,736,44.9,24239.0,1.0552184470000001,12.6
231,DUFFERIN ST and OVERBROOK PL,M3H 2W1,10557,166,40.6,29524.0,1.115532734,16.3
232,SIGNET DR and FENMAR DR,M9L 3A1,27132,411,41.0,22884.0,1.199507389,17.0
233,WILSON AVE and GARRATT BLVD,M3K 1E5,9875,57,42.6,26256.0,1.147959184,14.3
234,WILSON AVE and TRANSIT RD,M3K,16482,820,42.6,26256.0,1.147959184,14.3
235,BLOOR ST W and PALMERSTON AVE,M6G 1K5,22487,761,41.8,30249.0,1.111254851,11.8
236,MARKHAM RD and MCLEVIN AVE,M1B,8424,4560,38.9,23742.0,1.191561901,17.4
237,PHARMACY AVE and HUNTINGDALE BLVD,M1W 2M7,25209,631,44.6,21987.0,1.070969716,13.0
238,PHARMACY AVE and MCNICOLL AVE,M1W 2X1,13279,806,44.6,21987.0,1.070969716,13.0
239,MIDLAND AVE and PITFIELD RD,M1S 1P8,17399,193,43.4,20843.0,1.072294023,12.5
240,MCCOWAN RD and HUNTINGWOOD DR,M1S,13358,169,43.4,20843.0,1.072294023,12.5
241,MCCOWAN RD and NUGGET AVE,M1S,22286,143,43.4,20843.0,1.072294023,12.5
242,SHEPPARD AVE E and WILFRED AVE,M2N,25052,496,39.9,26456.0,1.005619293,11.5
243,HIGHWAY 27 and QUEENS PLATE DR,M9W,20617,329,39.6,24616.0,1.203563306,16.2
244,SHEPPARD AVE W and OAKDALE RD,M3N,22584,713,37.0,20562.0,1.393721634,21.2
245,SHEPPARD AVE W and MIN AVE,M3L 1P8,18468,366,41.3,23447.0,1.23914969,16.2
246,SHEPPARD AVE E and SETTLERS RD,M2J,12300,338,40.3,24285.0,1.049421661,14.8
248,VICTORIA PARK AVE and CLYDESDALE DR,M2J 4A7,16895,102,40.3,24285.0,1.049421661,14.8
249,VICTORIA PARK AVE and GORDON BAKER RD,M2H 3H7,15182,284,44.9,24239.0,1.0552184470000001,12.6
250,FINCH AVE W and CHESSWOOD DR,M3J,15742,237,38.1,22132.0,1.2233606559999999,14.4
251,KIPLING AVE and MOUNT OLIVE DR,M9V,18266,201,37.4,21812.0,1.229150013,19.2
252,KEELE ST and WHITBURN CRES,M3M 2H3,11375,2165,40.5,24908.0,1.233552632,16.3
253,STEELES AVE W and KIPLING AVE,M9V,18559,370,37.4,21812.0,1.229150013,19.2
254,FINCH AVE E and MARKHAM RD,M1B,22401,1133,38.9,23742.0,1.191561901,17.4
255,FINCH AVE E and TAPSCOTT RD,M1B,33428,1015,38.9,23742.0,1.191561901,17.4
256,YONGE ST and LORD SEATON W YONGE RAMP,M2P,16875,506,43.1,42614.0,1.087954111,13.9
257,STEELES AVE E and MIDLAND AVE,M1V 4S7,25567,54,42.3,19249.0,1.112898971,14.3
260,WARDEN AVE and BRIDLETOWNE CRCL,M1W 2K1,56432,626,44.6,21987.0,1.070969716,13.0
261,STEELES AVE E and SILVER STAR BLVD,M1V,16630,1286,42.3,19249.0,1.112898971,14.3
263,ADELAIDE ST W and DUNCAN ST,M5V 0H5,8061,250,34.2,45581.0,0.990990991,5.1
264,DANFORTH AVE and WESTLAKE AVE,M4C 1K7,9502,3714,39.4,27685.0,1.100519931,17.2
265,BIRCHMOUNT RD and LAURA SECORD WALK,M1P 2G4,11931,1366,40.5,23548.0,1.15026643,16.1
266,BLOOR ST W and MANNING AVE,M6G 1L1,16383,136,41.8,30249.0,1.111254851,11.8
267,BLOOR ST W and HAVELOCK ST,M6H 1M3,8630,6120,39.5,27401.0,1.08311229,11.8
268,DUFFERIN ST and HUNTER AVE,M6E 3S5,11442,1164,41.3,25364.0,1.1050228309999999,14.0
269,DUFFERIN ST and BRANDON AVE,M6H 4C7,13213,112,39.5,27401.0,1.08311229,11.8
270,DUNDAS ST W and HURON ST,M5T 1G6,12661,586,40.3,19920.0,1.240282686,7.4
271,DUNDAS ST W and GRACE ST,M6J 1W4,7630,9393,38.9,31827.0,1.093990755,9.9
272,DUNDAS ST W and SHAW ST,M6J 2W9,9436,1682,38.9,31827.0,1.093990755,9.9
273,ALBION RD and WESTMORE DR,M9V 1C2,9477,1839,37.4,21812.0,1.229150013,19.2
274,PROGRESS AVE and BELLAMY RD N,M1H,14691,238,39.9,23519.0,1.125239617,15.9
275,EGLINTON AVE W and LLOYD MANOR RD,M9B 6H6,14928,163,41.7,35332.0,1.096271826,15.7
276,MIDLAND AVE and VERDUN AVE,M1K 4E3,20137,554,39.9,23092.0,1.198367859,17.0
277,CONSUMERS RD and YORKLAND BLVD,M2J 4V6,6306,467,40.3,24285.0,1.049421661,14.8
278,DANFORTH AVE and EAST LYNN AVE,M4C 3X5,9725,580,39.4,27685.0,1.100519931,17.2
279,BRIMLEY RD and DORCOT AVE,M1P 3L1,10799,3094,40.5,23548.0,1.15026643,16.1
280,ST CLAIR AVE E and LINDEN AVE,M1K 1M2,12594,156,39.9,23092.0,1.198367859,17.0
281,LAWRENCE AVE E and HOWDEN RD,M1R 3A6,10502,196,41.5,24637.0,1.177477945,15.5
282,WARDEN AVE and FAIRFAX CRES,M1L 4A1,22092,928,38.3,23496.0,1.151958674,18.6
283,WARDEN AVE and WAYNE AVE,M1R 1Y2,13550,1465,41.5,24637.0,1.177477945,15.5
284,WARDEN AVE and MCNICOLL AVE,M1W 3H9,16237,195,44.6,21987.0,1.070969716,13.0
285,LAWRENCE AVE E and MOSSBANK DR,M1G 2B8,24583,817,38.6,21241.0,1.225216065,18.8
286,STEELES AVE W and WESTON RD,M9L 2X1,13750,838,41.0,22884.0,1.199507389,17.0
287,YONGE ST and WOODLAWN AVE,M4T 1W5,18994,154,44.4,50632.0,1.107883817,13.1
288,YONGE ST and HEATH ST,M4T,14101,1573,44.4,50632.0,1.107883817,13.1
289,YONGE ST and MERTON ST,M4S 1X8,17192,9239,41.1,42378.0,1.037420382,13.3
290,EGLINTON AVE E and BEACHELL ST,M1J 2H2,16106,707,38.1,22985.0,1.263093788,19.6
291,PHARMACY AVE and DENTON AVE,M1L 3E4,13379,1227,38.3,23496.0,1.151958674,18.6
292,PHARMACY AVE and ASHTONBEE RD,M1L 3K9,5109,833,38.3,23496.0,1.151958674,18.6
293,SHEPPARD AVE W and JOHN DRURY DR,M3K,11794,799,42.6,26256.0,1.147959184,14.3
295,YORK MILLS RD and SANDFIELD RD,M2L 1W4,13537,167,42.6,37388.0,1.1251533740000002,14.8
296,LESLIE ST and DEXTER BLVD,M2H 1Z4,13444,456,44.9,24239.0,1.0552184470000001,12.6
297,BURNHAMTHORPE RD and MILL RD,M9C,11869,555,44.5,32380.0,1.083333333,13.1
298,CALEDONIA RD and GLENCAIRN AVE,M6B 2B5,22625,629,41.3,28048.0,1.13549832,16.4
299,CALEDONIA RD and ORFUS RD,M6A 2X3,11131,592,40.4,25258.0,1.2740088109999999,18.2
300,COLLEGE ST and CRAWFORD ST,M6G 1C2,9072,309,41.8,30249.0,1.111254851,11.8
301,DAVENPORT RD and SYMINGTON AVE,M6N 1B7,8708,3172,40.3,24517.0,1.174377224,15.4
302,DUNDAS ST W and RONCESVALLES AVE,M6R 1X5,9648,898,39.4,37178.0,1.059615385,15.6
303,DUNDAS ST W and ROYALAVON CRES,M9A 5G6,8966,2818,43.2,35071.0,1.118164063,13.4
304,EGLINTON AVE W and WILLIAM R ALLEN RD N,M6C 3Z4,12467,1145,40.2,32457.0,1.0781140040000001,15.8
305,EGLINTON AVE W and LASCELLES BLVD,M4R 1A8,26378,1000,39.4,45447.0,1.079062958,17.3
306,EGLINTON AVE W and EDEN VALLEY DR,M9P 3R3,14011,2345,44.9,30562.0,1.15007776,15.0
307,EVANS AVE and GAIR DR,M8W 2W4,19243,639,42.0,32450.0,1.105901374,14.0
308,HARBORD ST and PALMERSTON BLVD,M6G 2N9,11843,251,41.8,30249.0,1.111254851,11.8
309,ISLINGTON AVE and BIRMINGHAM ST,M8V 2C5,8469,986,42.4,32182.0,1.095571096,11.4
310,ISLINGTON AVE and NEW TORONTO ST,M8V,6801,359,42.4,32182.0,1.095571096,11.4
311,ISLINGTON AVE and JUDSON ST,M8Z,8332,118,41.8,37937.0,1.049382716,14.5
312,ISLINGTON AVE and POPLAR HEIGHTS DR,M9A 5A2,10698,89,43.2,35071.0,1.118164063,13.4
313,JANE ST and ARDAGH ST,M6S 1Z3,16131,106,39.8,41745.0,1.0829736209999998,18.1
314,JANE ST and BALA AVE,M6M 2E2,10251,629,39.2,24089.0,1.298634182,17.3
315,JANE ST and HARDING AVE,M9N 2R8,13368,847,39.3,24983.0,1.289189189,17.3
316,KEELE ST and RUSTIC RD,M6L 2P2,15874,825,41.6,24345.0,1.2265275709999999,16.8
317,KING ST W and JOHN ST,M5V 1J2,22227,316,34.2,45581.0,0.990990991,5.1
318,KIPLING AVE and BLOOR ST W,M9B,10325,25059,41.7,35332.0,1.096271826,15.7
319,KIPLING AVE and NEW TORONTO ST,M8V 2E8,19184,104,42.4,32182.0,1.095571096,11.4
320,KIPLING AVE and OLIVEWOOD RD,M8Z,10857,641,41.8,37937.0,1.049382716,14.5
321,LAKE SHORE BLVD W and FIFTH ST,M8V 1J2,19812,237,42.4,32182.0,1.095571096,11.4
322,LAKE SHORE BLVD W and ISLINGTON AVE,M8V 1J4,8224,1948,42.4,32182.0,1.095571096,11.4
323,LAWRENCE AVE W and BRUCEWOOD CRES,M6A 3C9,16130,1950,40.4,25258.0,1.2740088109999999,18.2
324,NORTH QUEEN ST and SHORNCLIFFE RD,M8Z 2C9,17809,886,41.8,37937.0,1.049382716,14.5
325,OLD WESTON RD and TURNBERRY AVE,M6N 1P8,11356,29,40.3,24517.0,1.174377224,15.4
326,QUEEN ST W and DUFFERIN ST,M6K 1L3,9529,472,38.4,29348.0,1.172137126,8.9
327,QUEEN ST W and DUNN AVE,M6K 1L9,14622,6472,38.4,29348.0,1.172137126,8.9
328,QUEEN ST W and GLADSTONE AVE,M6J 1J6,7262,2643,38.9,31827.0,1.093990755,9.9
329,QUEEN ST W and STRACHAN AVE,M6J 1G7,10496,1546,38.9,31827.0,1.093990755,9.9
330,SHEPPARD AVE E and ARAGON AVE,M1T 3K4,9898,1979,44.0,21851.0,1.092883549,14.2
331,ROYAL YORK RD and EVANS AVE,M8Y 2R9,15650,787,40.7,36310.0,1.0473856209999999,14.8
332,SPADINA AVE and SULLIVAN ST,M5T,11045,472,40.3,19920.0,1.240282686,7.4
333,ST CLAIR AVE W and WELLS HILL AVE,M5R,9635,5444,43.6,38077.0,1.024783147,7.3
334,THE EAST MALL and 427 X N CLOVERDALE RAMP,M9B 3Y8,12266,2887,41.7,35332.0,1.096271826,15.7
335,THE QUEENSWAY and CANMOTOR AVE,M8Z 1P1,11223,312,41.8,37937.0,1.049382716,14.5
336,NEILSON RD and MCLEVIN AVE,M1B 6J2,17507,300,38.9,23742.0,1.191561901,17.4
337,THE WEST MALL and WEST MALL CRES,M9C,13328,1424,44.5,32380.0,1.083333333,13.1
338,WESTON RD and WILBY CRES,M9N 1V5,12497,583,39.3,24983.0,1.289189189,17.3
339,WILSON AVE and DALLNER RD,M3L 1A6,10637,1083,41.3,23447.0,1.23914969,16.2
340,WYNFORD DR and GERVAIS DR,M3C 3S2,15005,2108,41.3,24944.0,1.1416882,16.5
341,LAKE SHORE BLVD W and BRITISH COLUMBIA RD,M6K,10255,717,38.4,29348.0,1.172137126,8.9
342,LAKE SHORE BLVD W and NEWFOUNDLAND RD,M6K 3C3,27594,20,38.4,29348.0,1.172137126,8.9
343,YORKDALE RD and YORKDALE 401 ALLEN N RAMP,M6A 2T9,22009,120,40.4,25258.0,1.2740088109999999,18.2
344,YORKDALE 401 ALLEN N RAMP and ALLEN X N 401 C E RAMP,M6A 2T9,10623,1642,40.4,25258.0,1.2740088109999999,18.2
345,BLACK CREEK DR and LAWRENCE AVE W,M6L,9517,510,41.6,24345.0,1.2265275709999999,16.8
346,RENFORTH DR and ERINGATE DR,M9C,35356,37,44.5,32380.0,1.083333333,13.1
347,DUNDAS ST W and AUKLAND RD,M9B,9539,1156,41.7,35332.0,1.096271826,15.7
348,COLLEGE ST and ELIZABETH ST,M5G 2E2,23209,1458,32.9,26802.0,1.073913043,7.4
349,PROGRESS AVE and CONSILIUM PL,M1H,11252,11459,39.9,23519.0,1.125239617,15.9
350,DON MILLS RD and MOATFIELD DR,M3B,12664,1042,44.7,41725.0,1.04040404,15.3
351,DIXON RD and GOLFWOOD HTS,M9P 3L6,22021,255,44.9,30562.0,1.15007776,15.0
352,COXWELL AVE and HANSON ST,M4C 3B6,12460,152,39.4,27685.0,1.100519931,17.2
353,MCCOWAN RD and BUSHBY DR,M1P,8094,1662,40.5,23548.0,1.15026643,16.1
354,BIRCHMOUNT RD and ALLANFORD RD,M1T 1W6,22382,1082,44.0,21851.0,1.092883549,14.2
355,GERRARD ST W and ELIZABETH ST,M5G 2A7,14850,113,32.9,26802.0,1.073913043,7.4
356,KIPLING AVE and WIDDICOMBE HILL,M9R 1Y3,9443,7916,40.9,26328.0,1.1907240890000002,18.0
357,DAWES RD and CRESCENT TOWN RD,M4C,10353,270,39.4,27685.0,1.100519931,17.2
360,STEELES AVE E and BIRCHMOUNT RD,L3R 3N9,16203,12,42.6,23650.0,1.048257373,13.8
361,STEELES AVE E and BLUFFWOOD DR,M2H 3M4,27991,574,44.9,24239.0,1.0552184470000001,12.6
362,MOUNT PLEASANT RD and BELSIZE DR,M4S 2M6,20504,106,41.1,42378.0,1.037420382,13.3
363,DUNDAS ST W and WINDERMERE AVE,M6S 2S4,18740,1708,39.8,41745.0,1.0829736209999998,18.1
364,ALBION RD and CARRIER DR,M9W,12360,630,39.6,24616.0,1.203563306,16.2
365,ALBION RD and HUMBERLINE DR,M9W,13913,163,39.6,24616.0,1.203563306,16.2
366,ROYAL YORK RD and STRATH HUMBER CRT,M9A 4C8,14947,204,43.2,35071.0,1.118164063,13.4
367,WILSON AVE and JETHRO RD,M3L 1A9,13594,413,41.3,23447.0,1.23914969,16.2
368,MCCOWAN RD and SANDHURST CRCL,M1V 1T8,16976,141,42.3,19249.0,1.112898971,14.3
369,KINGSTON RD and POPLAR RD,M1E,15557,1466,41.5,25395.0,1.242701969,16.1
370,PROGRESS AVE and BOROUGH DR,M1P,20850,731,40.5,23548.0,1.15026643,16.1
371,YONGE ST and SOUDAN AVE,M4S 3A6,12214,123,41.1,42378.0,1.037420382,13.3
372,SPADINA RD and HEATH ST W,M5P 1N7,16322,6264,42.7,43296.0,1.083775186,12.9
373,WARDEN AVE and ASHTONBEE RD,M1L 4N4,10258,326,38.3,23496.0,1.151958674,18.6
374,EGLINTON AVE E and DUNFIELD AVE,M4P 1A6,23270,983,40.8,36334.0,1.0648508429999999,9.6
375,BAYVIEW AVE and POTTERY RD,M4G,11926,5782,41.0,48823.0,1.090981013,18.2
376,FINCH AVE E and SANDHURST CRCL,M1S 4K4,19794,7,43.4,20843.0,1.072294023,12.5
377,YONGE ST and ATHABASKA AVE,M2M 3X4,12405,332,43.8,22337.0,1.050952136,10.4
378,NEILSON RD and SEWELLS RD,M1B,23927,1562,38.9,23742.0,1.191561901,17.4
379,STEELES AVE W and PETROLIA RD,L4K,14777,986,41.5,29373.0,1.051813472,14.9
380,YORK MILLS RD and SANDOVER DR,M3A 1Y3,27549,484,40.0,27357.0,1.194639719,16.8
381,PROGRESS AVE and CORPORATE DR,M1H,14623,335,39.9,23519.0,1.125239617,15.9
382,EGLINTON AVE E and CREDIT UNION DR,M4A,14428,294,43.8,25758.0,1.162352941,14.1
384,QUEEN ST E and KINGSTON RD,M4L 1G5,16170,78,38.9,35864.0,1.1103661679999999,18.0
385,DON MILLS RD and GATEWAY BLVD,M3C,14502,2736,41.3,24944.0,1.1416882,16.5
386,GERRARD ST E and SUMACH ST,M5A 2H4,19553,998,39.3,28885.0,1.258089976,9.8
387,SHERBOURNE ST and ISABELLA ST,M4X 1L2,9183,1071,39.7,22486.0,1.193979933,12.7
388,LOWER JARVIS ST and THE ESPLANADE,M5E 1C2,8911,2450,40.0,50850.0,0.9303482590000001,5.3
389,QUEEN ST E and GREENWOOD AVE,M4L 1C7,12239,5396,38.9,35864.0,1.1103661679999999,18.0
390,MORNINGSIDE AVE and BEATH ST,M1E 3G3,9716,1812,41.5,25395.0,1.242701969,16.1
391,PARK LAWN RD and BERRY RD,M8Y 1W5,10698,396,40.7,36310.0,1.0473856209999999,14.8
392,KENNEDY RD and PASSMORE AVE,M1V,6703,529,42.3,19249.0,1.112898971,14.3
393,MARKHAM RD and EASTPARK BLVD,M1H 2A2,20817,496,39.9,23519.0,1.125239617,15.9
394,MCCOWAN RD and SANDHURST CRCL,M1V 1T8,14177,493,42.3,19249.0,1.112898971,14.3
395,BATHURST ST and GREENWIN VILLAGE RD,M2R 2A5,16272,544,43.4,22768.0,1.118441971,13.1
396,STEELES AVE W and YONGE ST,M2M 3Y2,18326,1194,43.8,22337.0,1.050952136,10.4
397,BLOOR ST W and HURON ST,M5S 2R7,22646,1273,39.0,26269.0,1.0284237729999999,5.6
398,BLOOR ST W and ABERFOYLE CRES,M8X,10170,7851,45.7,50118.0,1.092948718,14.5
399,WESTON RD and GUNNS RD,M6N 5H4,16416,858,40.3,24517.0,1.174377224,15.4
400,ST CLAIR AVE W and GUNNS RD,M6N 5B9,15021,136,40.3,24517.0,1.174377224,15.4
401,SPADINA RD and LOWTHER AVE,M5R 2P1,13948,974,43.6,38077.0,1.024783147,7.3
402,WILLIAM R ALLEN RD and TRANSIT RD,M3H 2V5,9361,2782,40.6,29524.0,1.115532734,16.3
403,WILLIAM R ALLEN RD and SHEPPARD AVE W,M3K,32825,0,42.6,26256.0,1.147959184,14.3
404,LAKE SHORE BLVD W and REES ST,M5V,43882,1287,34.2,45581.0,0.990990991,5.1
405,JANE ST and BEVERLY HILLS DR,M3M 1A2,22733,1895,40.5,24908.0,1.233552632,16.3
406,YONGE ST and BELSIZE DR,M4S 1Z7,20524,1275,41.1,42378.0,1.037420382,13.3
407,PHARMACY AVE and INNISWOOD DR,M1R 2G8,13039,1374,41.5,24637.0,1.177477945,15.5
408,RENFORTH DR and CONVAIR DR,M9W,9940,324,39.6,24616.0,1.203563306,16.2
409,BIRCHMOUNT RD and MCNICOLL AVE,M1W 3A1,21403,116,44.6,21987.0,1.070969716,13.0
410,STEELES AVE W and BLACK HAWKWAY,L4J,17510,94,41.1,32206.0,1.073268774,17.0
411,YONGE ST and EGLINTON AVE W,M4P 3C8,23038,709,40.8,36334.0,1.0648508429999999,9.6
412,YONGE ST and GLOUCESTER ST,M4Y 1Z5,10474,3552,39.1,32839.0,0.9663716809999999,4.4
413,FRONT ST W and JOHN ST,M5V 3J4,5517,9848,34.2,45581.0,0.990990991,5.1
416,BLACK CREEK DR and TRETHEWEY DR,M6M,15423,643,39.2,24089.0,1.298634182,17.3
417,BLACK CREEK DR and TODD BAYLIS BLVD,M6M,28035,113,39.2,24089.0,1.298634182,17.3
418,BLACK CREEK DR and EGLINTON AVE W,M6M,20502,288,39.2,24089.0,1.298634182,17.3
419,NEILSON RD and MILITARY TRL,M1E 4Z3,27273,352,41.5,25395.0,1.242701969,16.1
420,ALBION RD and ARMEL CRT,M9W 3P1,10570,284,39.6,24616.0,1.203563306,16.2
421,QUEEN ST W and BROCK AVE,M6K 1L4,18787,572,38.4,29348.0,1.172137126,8.9
422,COLLEGE ST and CLINTON ST,M6G 1B3,8149,2065,41.8,30249.0,1.111254851,11.8
423,SHEPPARD AVE W and SENTINEL RD,M3M 3J8,7251,3612,40.5,24908.0,1.233552632,16.3
424,ANNETTE ST and CLENDENAN AVE,M6P 1R1,14646,658,39.7,34539.0,1.043434848,13.4
425,PHARMACY AVE and GORDON BAKER RD,M1W,9181,2042,44.6,21987.0,1.070969716,13.0
426,KIPLING AVE and JOHN GARLAND BLVD,M9V 1M9,13107,490,37.4,21812.0,1.229150013,19.2
427,FINCH AVE E and MIDDLEFIELD RD,M1S,8821,258,43.4,20843.0,1.072294023,12.5
428,BRIMLEY RD and ALEXMUIR BLVD,M1V 1B7,19443,458,42.3,19249.0,1.112898971,14.3
429,PORT UNION RD and FANFARE AVE,M1C,14101,334,42.1,33746.0,1.07523511,14.7
430,WESTON RD and NORTHLAND AVE,M6N 4Z9,11914,310,40.3,24517.0,1.174377224,15.4
431,SHEPPARD AVE E and SHORTING RD,M1S 3V8,16934,446,43.4,20843.0,1.072294023,12.5
432,SHEPPARD AVE E and GLEN WATFORD DR,M1S 2B7,12529,659,43.4,20843.0,1.072294023,12.5
433,LAWRENCE AVE W and BOLINGBROKE RD,M6A 1B8,15262,459,40.4,25258.0,1.2740088109999999,18.2
434,BLACK CREEK DR and PHOTOGRAPHY DR,M6M,14517,747,39.2,24089.0,1.298634182,17.3
435,ROYAL YORK RD and LA ROSE AVE,M9P 3A7,15782,280,44.9,30562.0,1.15007776,15.0
436,CARLINGVIEW DR and INTERNATIONAL BLVD,M9W,13105,814,39.6,24616.0,1.203563306,16.2
437,LOWER SHERBOURNE ST and THE ESPLANADE,M5A,4726,16,39.3,28885.0,1.258089976,9.8
438,LAWRENCE AVE W and DUVAL DR,M6L,6830,2825,41.6,24345.0,1.2265275709999999,16.8
439,LAWRENCE AVE E and BROCKLEY DR,M1P 2S2,19325,1220,40.5,23548.0,1.15026643,16.1
440,SHEPPARD AVE E and KENNEDY RD,M1S,19480,845,43.4,20843.0,1.072294023,12.5
441,MOUNT PLEASANT RD and ERSKINE AVE,M4P 1Z1,14814,654,40.8,36334.0,1.0648508429999999,9.6
442,VICTORIA PARK AVE and DENTON AVE,M4C 1T8,14423,774,39.4,27685.0,1.100519931,17.2
443,DUFFERIN ST and LIBERTY ST,M6K 1Z5,9991,1780,38.4,29348.0,1.172137126,8.9
444,KEELE ST and MURRAY ROSS PKWY,M3J,6472,388,38.1,22132.0,1.2233606559999999,14.4
445,YORKDALE RD and 401 W ALLEN YORKDALE RAMP,M6A,20535,148,40.4,25258.0,1.2740088109999999,18.2
446,LAWRENCE AVE E and CENTENNIAL RD,M1C 1R5,17906,44,42.1,33746.0,1.07523511,14.7
447,SHEPPARD AVE E and PARKWAY FOREST DR,M2J 0A4,7620,166,40.3,24285.0,1.049421661,14.8
448,FINCH AVE E and SKYMARK DR,M2J 4X8,27870,1480,40.3,24285.0,1.049421661,14.8
449,WYNFORD DR and CONCORDE PL,M3C,18583,768,41.3,24944.0,1.1416882,16.5
450,LAKE SHORE BLVD W and COLBORNE LODGE DR,M6S,10717,723,39.8,41745.0,1.0829736209999998,18.1
451,BAY ST and ST JOSEPH ST,M5S 3A6,37223,56,39.0,26269.0,1.0284237729999999,5.6
452,SHERBOURNE ST and HOWARD ST,M4X 1L4,10757,6083,39.7,22486.0,1.193979933,12.7
453,FINCH AVE W and WESTMORE DR,M9V 3Z6,8808,2765,37.4,21812.0,1.229150013,19.2
454,QUEEN ST W and YONGE ST,M5C,13622,461,39.8,47791.0,1.220338983,5.3
455,QUEEN ST W and JOHN ST,M5V 2Z5,7394,5027,34.2,45581.0,0.990990991,5.1
457,WYNFORD DR and EGLINTON W WYNFORD DR RAMP,M3C 1V4,10572,366,41.3,24944.0,1.1416882,16.5
459,PHARMACY AVE and PINEMEADOW BLVD,M1W 1H9,30654,13,44.6,21987.0,1.070969716,13.0
460,ROYAL YORK RD and NORSEMAN ST,M8Y 2T3,11486,724,40.7,36310.0,1.0473856209999999,14.8
461,STEELES AVE W and CACTUS AVE,M2M 3Y1,11662,549,43.8,22337.0,1.050952136,10.4
462,LAWRENCE AVE E and FORTUNE GT,M1G 1X7,21076,1237,38.6,21241.0,1.225216065,18.8
463,WARDEN AVE and TOWER DR,M1R 2R6,16769,260,41.5,24637.0,1.177477945,15.5
464,ROGERS RD and OLD WESTON RD,M6M 1B2,19205,240,39.2,24089.0,1.298634182,17.3
465,OLD KINGSTON RD and MILITARY TRL,M1C,12624,1239,42.1,33746.0,1.07523511,14.7
466,JANE ST and WILLIAM CRAGG DR,M3M 1A4,6116,39,40.5,24908.0,1.233552632,16.3
467,SHEPPARD AVE E and BRECKON GT,M1B 2B8,18389,1040,38.9,23742.0,1.191561901,17.4
468,NEILSON RD and BERNER TRL,M1B,9751,292,38.9,23742.0,1.191561901,17.4
469,DANFORTH AVE and WOODINGTON AVE,M4C 1H6,15384,266,39.4,27685.0,1.100519931,17.2
470,YORKDALE RD and DUFFERIN ST,M6A,10390,3336,40.4,25258.0,1.2740088109999999,18.2
471,WILSON AVE and ALLINGHAM GDNS,M3H 1S9,14052,0,40.6,29524.0,1.115532734,16.3
472,BAY ST and HAGERMAN ST,M5G,19315,389,32.9,26802.0,1.073913043,7.4
473,BLOOR ST W and DURIE ST,M6S 1N9,9560,1864,39.8,41745.0,1.0829736209999998,18.1
474,CHURCH ST and ALEXANDER ST,M4Y 1B7,11171,3690,39.1,32839.0,0.9663716809999999,4.4
475,EGLINTON AVE W and COMMERCE BLVD,L4W 5A6,8532,5265,45.6,31856.0,1.072609633,12.8
476,QUEENS PARK CRES W and HOSKIN AVE,M5S,16274,185,39.0,26269.0,1.0284237729999999,5.6
477,EGLINTON AVE W and EXPLORER DR,M9C,12836,4643,44.5,32380.0,1.083333333,13.1
478,EGLINTON AVE W and CENTENNIAL PARK BLVD,M9C,14580,40,44.5,32380.0,1.083333333,13.1
479,MCCOWAN RD and TRITON RD,M1H,17983,128,39.9,23519.0,1.125239617,15.9
480,STEELES AVE W and MARTIN GROVE RD,L4L 1A5,19540,233,45.2,31927.0,1.089443997,12.7
481,STEELES AVE W and 400 S STEELES AVE W RAMP,L4J 6X3,23808,719,41.1,32206.0,1.073268774,17.0
482,ADELAIDE ST W and PORTLAND ST,M5V 1T1,21412,75,34.2,45581.0,0.990990991,5.1
483,WELLINGTON ST W and JOHN ST,M5V 0C4,7345,2694,34.2,45581.0,0.990990991,5.1
484,WARDEN AVE and BAMBURGH CRCL,M1W 3X9,10712,12944,44.6,21987.0,1.070969716,13.0
485,STEELES AVE E and BRIMLEY RD,M1V,17881,1166,42.3,19249.0,1.112898971,14.3
486,STEELES AVE E and MCCOWAN RD,M1V,19874,869,42.3,19249.0,1.112898971,14.3
487,MCCOWAN RD and MCNICOLL AVE,M1V 3E4,26842,1919,42.3,19249.0,1.112898971,14.3
488,MIDLAND AVE and SILVER STAR BLVD,M1V 4W7,23517,612,42.3,19249.0,1.112898971,14.3
490,FINCH AVE W and HUMBER COLLEGE BLVD,M9W,18874,30,39.6,24616.0,1.203563306,16.2
491,AVENUE RD and COLLEGE VIEW AVE,M5P 2K7,17959,933,42.7,43296.0,1.083775186,12.9
492,COXWELL AVE and GLEBEHOLME BLVD,M4C 3C7,11207,650,39.4,27685.0,1.100519931,17.2
493,MEADOWVALE RD and DEAN PARK RD,M1B 2K6,7344,1787,38.9,23742.0,1.191561901,17.4
494,ISLINGTON AVE and BEAUMONDE HEIGHTS DR,M9V 1V9,9227,391,37.4,21812.0,1.229150013,19.2
495,CONSILIUM PL and CORPORATE DR,M1H,12840,212,39.9,23519.0,1.125239617,15.9
497,STEELES AVE E and KELVIN GROVE AVE,L3R,7685,222,42.6,23650.0,1.048257373,13.8
498,BIRCHMOUNT RD and SANWOOD BLVD,M1V 3M8,24852,337,42.3,19249.0,1.112898971,14.3
499,KING ST W and DUNN AVE,M6K 3C8,11409,353,38.4,29348.0,1.172137126,8.9
500,FINCH AVE W and HUMBERLINE DR,M9W 0A6,9339,2582,39.6,24616.0,1.203563306,16.2
501,MCCOWAN RD and COMMANDER BLVD,M1S 3T2,20162,280,43.4,20843.0,1.072294023,12.5
502,DAVENPORT RD and OSLER ST,M6N 1C8,19373,154,40.3,24517.0,1.174377224,15.4
503,DANFORTH RD and WINTER AVE,M1K 1J2,7965,811,39.9,23092.0,1.198367859,17.0
504,BRIMLEY RD and MCNICOLL AVE,M1V 1Z1,10219,260,42.3,19249.0,1.112898971,14.3
505,STEELES AVE W and PETER KAISER GT,L4K 2Y2,20273,191,41.5,29373.0,1.051813472,14.9
506,FENMAR DR and ORMONT DR,M9L 2V4,22568,436,41.0,22884.0,1.199507389,17.0
507,CHESSWOOD DR and STEEPROCK DR,M3J 2R8,8958,64,38.1,22132.0,1.2233606559999999,14.4
508,FAIRVIEW MALL DR and FAIRVIEW MALL DR,M2J 5A7,10601,211,40.3,24285.0,1.049421661,14.8
509,FAIRVIEW MALL DR and FAIRVIEW MALL 404 S RAMP,M2J 5A7,4746,147,40.3,24285.0,1.049421661,14.8
510,BLOOR ST W and AUKLAND RD,M9B 1L3,17893,6,41.7,35332.0,1.096271826,15.7
511,SHEPPARD AVE E and BUCHAN CRT,M2J,14144,446,40.3,24285.0,1.049421661,14.8
512,SHUTER ST and VICTORIA ST,M5B 1W8,17181,287,36.6,28000.0,1.186885246,5.7
513,MARTIN GROVE RD and SILVERSTONE DR,M9V 3J3,8842,6779,37.4,21812.0,1.229150013,19.2
514,PHARMACY AVE and COLLINGSBROOK BLVD,M1W 1B2,10308,536,44.6,21987.0,1.070969716,13.0
515,BRIMLEY RD and CHARTLAND BLVD S,M1S 2S3,10266,889,43.4,20843.0,1.072294023,12.5
516,HARBORD ST and MANNING AVE,M6G 1G4,12694,262,41.8,30249.0,1.111254851,11.8
517,SHEPPARD AVE W and KODIAK CRES,M3J,8675,2699,38.1,22132.0,1.2233606559999999,14.4
518,SIGNET DR and ORMONT DR,M9L 1V3,19689,163,41.0,22884.0,1.199507389,17.0
519,THE WEST MALL and CIVIC CENTRE CRT,M9C 2Y2,6517,162,44.5,32380.0,1.083333333,13.1
521,DANFORTH RD and TRUDELLE ST,M1J 1E8,12688,115,38.1,22985.0,1.263093788,19.6
522,OAKWOOD AVE and JESMOND AVE,M6E 2W4,12526,400,41.3,25364.0,1.1050228309999999,14.0
523,AVENUE RD and MELROSE AVE,M5M 3Z3,8685,796,39.1,48777.0,1.1188118809999998,21.1
524,VICTORIA PARK AVE and TEMPO AVE,M2H 3B2,22737,1380,44.9,24239.0,1.0552184470000001,12.6
525,KINGSTON RD and RYLANDER BLVD,M1B 1G9,14126,505,38.9,23742.0,1.191561901,17.4
526,ATTWELL DR and BELFIELD RD,M9W,17188,69,39.6,24616.0,1.203563306,16.2
527,DUFFERIN ST and SUPERTEST RD,M3H 5S9,6967,31,40.6,29524.0,1.115532734,16.3
528,WILMINGTON AVE and OVERBROOK PL,M3H 5J9,21777,227,40.6,29524.0,1.115532734,16.3
529,MARTIN GROVE RD and GARFELLA DR,M9V 3T1,8680,1028,37.4,21812.0,1.229150013,19.2
530,MORNINGSIDE AVE and CASEBRIDGE CRT,M1B,10582,650,38.9,23742.0,1.191561901,17.4
531,BATHURST ST and BRIDGMAN AVE,M5R,13384,318,43.6,38077.0,1.024783147,7.3
532,NEILSON RD and KEELER BLVD,M1E 4E9,12800,591,41.5,25395.0,1.242701969,16.1
533,MCCOWAN RD and ALTON TOWERS CRCL,M1V 5A1,10813,176,42.3,19249.0,1.112898971,14.3
534,MIDLAND AVE and MCNICOLL AVE,M1V 0B3,13492,1060,42.3,19249.0,1.112898971,14.3
535,LAKE SHORE BLVD E and YONGE ST,M5E,20964,703,40.0,50850.0,0.9303482590000001,5.3
536,STEELES AVE W and BARMAC DR,M9L 2W2,15223,3796,41.0,22884.0,1.199507389,17.0
537,SHEPPARD AVE E and SCUNTHORPE RD,M1S 4N3,19967,331,43.4,20843.0,1.072294023,12.5
538,DUFFERIN ST and BRIAR HILL AVE,M6B 3R5,12958,615,41.3,28048.0,1.13549832,16.4
539,KEELE ST and THE POND RD,M3J,16505,555,38.1,22132.0,1.2233606559999999,14.4
541,STEELES AVE E and STRAWBERRY HILLS DR,M1V 3X9,16724,93,42.3,19249.0,1.112898971,14.3
542,KEELE ST and DIANA DR,M3M 2W3,16992,338,40.5,24908.0,1.233552632,16.3
543,DUNDAS ST W and ANNETTE ST,M6P 1X9,18408,247,39.7,34539.0,1.043434848,13.4
544,BIRCHMOUNT RD and FUNDY BAY BLVD,M1V 2M7,13673,847,42.3,19249.0,1.112898971,14.3
545,BRIMLEY RD and PITFIELD RD,M1S 1Y7,11276,128,43.4,20843.0,1.072294023,12.5
546,KIPLING AVE and KIDRON VALLEY DR,M9V,14591,301,37.4,21812.0,1.229150013,19.2
547,MARTIN GROVE RD and CABERNET CRCL,M9V,6051,1363,37.4,21812.0,1.229150013,19.2
548,STEELES AVE E and MIDDLEFIELD RD,M1V 5E2,6737,308,42.3,19249.0,1.112898971,14.3
549,MCLEVIN AVE and TAPSCOTT RD,M1B,22421,1037,38.9,23742.0,1.191561901,17.4
550,STEELES AVE E and CONACHER DR,L3T 1A6,11514,508,44.2,29455.0,1.03005058,12.8
551,CUMMER AVE and MAXOME AVE,M2M 4G5,20175,397,43.8,22337.0,1.050952136,10.4
552,MILLWICK DR and MILVAN DR,M9L 1Y3,8847,285,41.0,22884.0,1.199507389,17.0
553,LAKE SHORE BLVD E and CHERRY ST,M5A 1B6,7639,66,39.3,28885.0,1.258089976,9.8
554,MARKHAM RD and MCNICOLL AVE,M1X 0B6,11607,256,37.1,24013.0,1.103477523,19.0
555,YONGE ST and MILL ST,M5A,27396,188,39.3,28885.0,1.258089976,9.8
556,EGLINTON AVE E and CEDAR DR,M1J 2H6,21319,365,38.1,22985.0,1.263093788,19.6
557,EGLINTON AVE W and GABIAN WAY,M6M,11823,1302,39.2,24089.0,1.298634182,17.3
559,MIDLAND AVE and COPTHORNE AVE,M1V,19528,3356,42.3,19249.0,1.112898971,14.3
560,FINCH AVE E and MILLIKEN BLVD,M1S 4E7,13379,367,43.4,20843.0,1.072294023,12.5
561,BRIMLEY RD and WENLOCK GT,M1V 1Y2,18980,424,42.3,19249.0,1.112898971,14.3
562,SHEPPARD AVE E and MALVERN ST,M1B,10817,135,38.9,23742.0,1.191561901,17.4
563,ELLESMERE RD and CONLINS RD,M1C,21065,1337,42.1,33746.0,1.07523511,14.7
564,FINCH AVE W and KIPLING AVE,M9V,8083,549,37.4,21812.0,1.229150013,19.2
565,JANE ST and PRITCHARD AVE,M6N 4A6,22468,5000,40.3,24517.0,1.174377224,15.4
566,MCCOWAN RD and ALTON TOWERS CRCL,M1V 5A1,12246,729,42.3,19249.0,1.112898971,14.3
567,KINGSTON RD and LAWSON RD,M1C 1K5,14230,726,42.1,33746.0,1.07523511,14.7
568,LAWRENCE AVE E and PORT UNION RD,M1C 5B7,7477,122,42.1,33746.0,1.07523511,14.7
569,WELLESLEY ST E and ONTARIO ST,M4X 1G8,8095,519,39.7,22486.0,1.193979933,12.7
570,KENNEDY RD and BONIS AVE,M1T,7234,3393,44.0,21851.0,1.092883549,14.2
571,CARLINGVIEW DR and FASKEN DR,M9W 1K1,21580,863,39.6,24616.0,1.203563306,16.2
572,STEELES AVE E and ASHCOTT ST,M1V,8331,62,42.3,19249.0,1.112898971,14.3
573,SPADINA AVE and BREMNER BLVD,M5V 3V4,18519,292,34.2,45581.0,0.990990991,5.1
574,FRONT ST W and BLUE JAYS WAY,M5V 3B7,22600,8056,34.2,45581.0,0.990990991,5.1
575,VICTORIA PARK AVE and SUNRISE AVE,M4A 2L9,15189,17689,43.8,25758.0,1.162352941,14.1
576,MIDDLEFIELD RD and MCNICOLL AVE,M1V 2V4,12250,706,42.3,19249.0,1.112898971,14.3
577,STEELES AVE E and MARKHAM RD,M1X,16707,122,37.1,24013.0,1.103477523,19.0
578,MORNINGSIDE AVE and MILNER AVE,M1B,29314,622,38.9,23742.0,1.191561901,17.4
579,VICTORIA PARK AVE and ARNCLIFFE CRES,M1R 1P7,24953,552,41.5,24637.0,1.177477945,15.5
580,KENNEDY RD and MCNICOLL AVE,M1V 5E9,15720,485,42.3,19249.0,1.112898971,14.3
581,FINCH AVE E and NEILSON RD,M1B 5Y6,30650,1884,38.9,23742.0,1.191561901,17.4
582,YONGE ST and QUEENS QUAY,M5E 1R4,11247,211,40.0,50850.0,0.9303482590000001,5.3
583,QUEEN ST W and PETER ST,M5V 2A4,9669,1160,34.2,45581.0,0.990990991,5.1
584,FINCH AVE W and ELANA DR,M3N 2C1,8832,11307,37.0,20562.0,1.393721634,21.2
585,BLOOR ST W and MONTGOMERY RD,M8X 1C8,25268,2540,45.7,50118.0,1.092948718,14.5
586,KENNEDY RD and SUFFERANCE RD,M5T 2E2,15344,852,40.3,19920.0,1.240282686,7.4
587,QUEENS QUAY W and BATHURST ST,M5V 2N8,29744,326,34.2,45581.0,0.990990991,5.1
588,BATHURST ST and ULSTER ST,M5S 2R2,7829,1701,39.0,26269.0,1.0284237729999999,5.6
589,OAK ST and KNOB HILL DR,M9N,10369,1931,39.3,24983.0,1.289189189,17.3
590,ROGERS RD and NAIRN AVE,M6E 4H7,10787,240,41.3,25364.0,1.1050228309999999,14.0
591,FINCH AVE E and FINCHDENE SQ,M1B 5J9,8419,780,38.9,23742.0,1.191561901,17.4
592,FINCH AVE E and ADIRONDACK GT,M1V 1J7,9968,67,42.3,19249.0,1.112898971,14.3
593,BRIMLEY RD and DEERFIELD RD,M1J 1C2,16181,468,38.1,22985.0,1.263093788,19.6
594,STEELES AVE W and VILLAGE GT,M2R 2S6,10637,223,43.4,22768.0,1.118441971,13.1
595,OLD WESTON RD and KANE AVE,M6N 3B6,21646,656,40.3,24517.0,1.174377224,15.4
596,MORNINGSIDE AVE and SEWELLS RD,M1B,7427,491,38.9,23742.0,1.191561901,17.4
597,ELLESMERE RD and MONDEO DR,M1P 5B6,12264,334,40.5,23548.0,1.15026643,16.1
598,UNIVERSITY AVE and GERRARD ST W,M5G 1X5,22109,1075,32.9,26802.0,1.073913043,7.4
599,ISLINGTON AVE and MONOGRAM PL,M9P 3N1,25653,9081,44.9,30562.0,1.15007776,15.0
600,ST CLAIR AVE W and VIA ITALIA,M6E 1B5,20402,298,41.3,25364.0,1.1050228309999999,14.0
601,STEELES AVE W and IRONDALE DR,M9L 2Y8,7834,2538,41.0,22884.0,1.199507389,17.0
602,STEELES AVE W and ROSSDEAN DR,L4L,17754,194,45.2,31927.0,1.089443997,12.7
603,ROGERS RD and GLENHOLME AVE,M6E 1N6,22747,189,41.3,25364.0,1.1050228309999999,14.0
604,ELLESMERE RD and MORRISH RD,M1C,7779,825,42.1,33746.0,1.07523511,14.7
605,SENTINEL RD and MURRAY ROSS PKWY,M3J 2Z3,6129,268,38.1,22132.0,1.2233606559999999,14.4
606,FINCH AVE W and TANGIERS RD,M3J 3J7,7493,1468,38.1,22132.0,1.2233606559999999,14.4
607,PHARMACY AVE and EGLINTON AVE E,M1L,16447,1532,38.3,23496.0,1.151958674,18.6
608,STEELES AVE E and FIREBRACE RD,L3R 1K9,11958,449,42.6,23650.0,1.048257373,13.8
609,REXDALE BLVD and HUMBERWOOD BLVD,M9W 0B5,28633,350,39.6,24616.0,1.203563306,16.2
610,MARKHAM RD and NASHDENE RD,M1X 1M4,20860,112,37.1,24013.0,1.103477523,19.0
611,BATHURST ST and TICHESTER RD,M5P 3H3,22030,59,42.7,43296.0,1.083775186,12.9
612,WILSON AVE and BELGRAVE AVE,M5M 4N9,17156,1127,39.1,48777.0,1.1188118809999998,21.1
614,LAWRENCE AVE W and OLYMPIA DR,M6L 3C9,18746,349,41.6,24345.0,1.2265275709999999,16.8
615,DUFFERIN ST and STANSTEAD DR,M3J,18305,578,38.1,22132.0,1.2233606559999999,14.4
616,MOUNT PLEASANT RD and SHERWOOD AVE,M4P 2M5,42055,187,40.8,36334.0,1.0648508429999999,9.6
617,SIGNET DR and GARYRAY DR,M9L,14627,611,41.0,22884.0,1.199507389,17.0
618,KING ST W and SHAW ST,M6K 3N2,6137,69,38.4,29348.0,1.172137126,8.9
619,CASTLEFIELD AVE and RONALD AVE,M6B 1G3,11884,5678,41.3,28048.0,1.13549832,16.4
620,MORNINGSIDE AVE and JOHN STONER DR,M1B,10128,172,38.9,23742.0,1.191561901,17.4
621,SHEPPARD AVE E and KENNETH AVE,M2N 6S2,11748,123,39.9,26456.0,1.005619293,11.5
622,MILLWICK DR and PLUNKETT RD,M9L 2J7,22990,1877,41.0,22884.0,1.199507389,17.0
623,PHARMACY AVE and BEVERLY GLEN BLVD,M1W 1V8,5614,168,44.6,21987.0,1.070969716,13.0
624,BRIMLEY RD and EAGLEDANCE DR,M1V 4J8,11058,169,42.3,19249.0,1.112898971,14.3
625,SHEPPARD AVE E and ATRIUM LANE,M1B,9588,181,38.9,23742.0,1.191561901,17.4
626,WILSON AVE and JULIAN RD,M3M 3C2,6605,282,40.5,24908.0,1.233552632,16.3
627,MORTIMER AVE and LOGAN AVE,M4K 2A1,17209,1265,41.4,33632.0,1.102380952,14.6
628,WARDEN AVE and CIVIC RD,M1L 2L6,7907,621,38.3,23496.0,1.151958674,18.6
629,BRIMLEY RD and HEATHER RD,M1S 3M7,15487,702,43.4,20843.0,1.072294023,12.5
630,WILLOWDALE AVE and BISHOP AVE,M2M 1Z5,13883,72,43.8,22337.0,1.050952136,10.4
631,RENFORTH DR and SILVER DART DR,M9W,12377,154,39.6,24616.0,1.203563306,16.2
632,DOVERCOURT RD and DEWSON ST,M6H 1G8,18493,5,39.5,27401.0,1.08311229,11.8
633,DON MILLS RD and THE DONWAY E,M3C,5859,1005,41.3,24944.0,1.1416882,16.5
634,ADELAIDE ST W and SHEPPARD ST,M5H 1P9,22102,1088,35.8,48171.0,0.872340426,4.0
635,FINCH AVE E and MAXOME AVE,M2N 4R9,8550,6037,39.9,26456.0,1.005619293,11.5
636,VAUGHAN RD and KENWOOD AVE,M6C 2M3,17192,444,40.2,32457.0,1.0781140040000001,15.8
637,DUFFERIN ST and ROWAN AVE,M6E 3S2,5240,921,41.3,25364.0,1.1050228309999999,14.0
638,EGLINTON AVE E and SUTHERLAND DR,M4G 2K7,12966,313,41.0,48823.0,1.090981013,18.2
639,WARDEN AVE and BAMBURGH CRCL,M1W 3X9,18249,827,44.6,21987.0,1.070969716,13.0
640,BAYVIEW AVE and ARMISTICE DR,M4N 1J7,9826,965,42.1,51429.0,1.100719424,17.4
641,KIPLING AVE and BEACONHILL RD,M9V 2K5,26357,378,37.4,21812.0,1.229150013,19.2
642,DUFFERIN ST and AUBURN AVE,M6H 3L5,8342,404,39.5,27401.0,1.08311229,11.8
643,ST CLAIR AVE W and WYCHWOOD AVE,M6C,11907,733,40.2,32457.0,1.0781140040000001,15.8
644,EGLINTON AVE W and RAKELY CRT,M9C 5A5,8350,1380,44.5,32380.0,1.083333333,13.1
645,LAWRENCE AVE W and PIMLICO RD,M6L 1B3,14635,298,41.6,24345.0,1.2265275709999999,16.8
646,WARDEN AVE and SHERWOOD AVE,M1R 2P5,18067,382,41.5,24637.0,1.177477945,15.5
647,NEILSON RD and TAPSCOTT RD,M1B 4Y7,16276,149,38.9,23742.0,1.191561901,17.4
648,KIPLING AVE and ANNABELLE DR,M9V,10803,1289,37.4,21812.0,1.229150013,19.2
649,TRETHEWEY DR and CLEARVIEW HTS,M6M 4B6,10272,1568,39.2,24089.0,1.298634182,17.3
650,KENNEDY RD and KENMARK BLVD,M1K 2C6,8666,783,39.9,23092.0,1.198367859,17.0
651,SHEPPARD AVE W and EASTON RD,M2N 1N5,9785,1317,39.9,26456.0,1.005619293,11.5
652,FINCH AVE W and JAYZEL DR,M9M,15996,612,38.4,23954.0,1.250494397,18.8
653,DANFORTH AVE and BYNG AVE,M1L 1C3,19878,418,38.3,23496.0,1.151958674,18.6
654,SHEPPARD AVE W and GODDARD ST,M3H 2S8,11703,826,40.6,29524.0,1.115532734,16.3
655,SHEPPARD AVE W and KEELE ST,M3M,14838,413,40.5,24908.0,1.233552632,16.3
656,WILSON AVE and ANCASTER RD,M3K 1E2,12853,318,42.6,26256.0,1.147959184,14.3
657,REXDALE BLVD and QUEENS PLATE DR,M9W,14648,306,39.6,24616.0,1.203563306,16.2
658,KINGSTON RD and SCARBOROUGH RD,M4E 1S7,19529,201,40.1,42430.0,1.095512821,17.7
659,KINGSTON RD and ELLESMERE RD,M1C 1L5,11790,2467,42.1,33746.0,1.07523511,14.7
660,KENNEDY RD and TROJAN GT,M1V 1S9,5087,32,42.3,19249.0,1.112898971,14.3
661,STEELES AVE W and SHALE GT,L4K 4N1,16802,399,41.5,29373.0,1.051813472,14.9
662,KEELE ST and MILFORD AVE,M6M 4A1,25173,336,39.2,24089.0,1.298634182,17.3
663,SHEPPARD AVE W and BANTING AVE,M3H 2T7,13698,405,40.6,29524.0,1.115532734,16.3
664,JANE ST and MARSHLYNN AVE,M9N 2S3,19848,1007,39.3,24983.0,1.289189189,17.3
665,BLOOR ST W and GREEN LANES,M8X,17020,1342,45.7,50118.0,1.092948718,14.5
666,AVENUE RD and CARIBOU RD,M5N 2H9,13882,1637,39.8,40021.0,1.115646259,18.5
667,WESTON RD and GARYRAY DR,M9L 1W8,20887,79,41.0,22884.0,1.199507389,17.0
668,O CONNOR DR and CURITY AVE,M4B 2T3,11656,148,41.1,27724.0,1.166226913,16.0
669,ST CLAIR AVE E and PLAXTON DR,M4B 1N4,15499,487,41.1,27724.0,1.166226913,16.0
670,WELLINGTON ST W and BLUE JAYS WAY,M5V 3E4,12213,246,34.2,45581.0,0.990990991,5.1
671,BATHURST ST and LENNOX ST,M5S 1Z5,6090,7101,39.0,26269.0,1.0284237729999999,5.6
672,KENNEDY RD and NORCAP AVE,M1T 3H8,15950,3252,44.0,21851.0,1.092883549,14.2
673,MIDDLEFIELD RD and INGLETON BLVD,M1V,17153,138,42.3,19249.0,1.112898971,14.3
674,SHEPPARD AVE E and IDAGROVE GT,M1B 5Z8,11917,175,38.9,23742.0,1.191561901,17.4
675,ELLESMERE RD and MEADOWVALE RD,M1C 1J1,7182,311,42.1,33746.0,1.07523511,14.7
676,BLOOR ST W and GLENDONWYNNE RD,M6S 1M8,5216,222,39.8,41745.0,1.0829736209999998,18.1
677,LAKE SHORE BLVD W and THIRTEENTH ST,M8V 4E3,11287,4580,42.4,32182.0,1.095571096,11.4
678,STEELES AVE E and PICKERING TOWN LINE,L0H,8594,644,42.9,34240.0,1.061403509,14.3
679,QUEEN ST W and YORK ST,M5H 3K6,12685,0,35.8,48171.0,0.872340426,4.0
680,WARDEN AVE and CANADIAN RD,M1R 2S3,8557,7961,41.5,24637.0,1.177477945,15.5
681,DREWRY AVE and HILDA AVE,M2M 1C8,22133,313,43.8,22337.0,1.050952136,10.4
682,WESTON RD and KING ST,M9N 1K9,9696,923,39.3,24983.0,1.289189189,17.3
684,LAWRENCE AVE E and MARKHAM RD,M1H,8454,17,39.9,23519.0,1.125239617,15.9
685,HARBORD ST and MONTROSE AVE,M6G 1H2,20575,1025,41.8,30249.0,1.111254851,11.8
686,GERRARD ST E and MARJORY AVE,M4M 1Z3,8060,1215,39.7,32114.0,1.123754153,13.9
687,WILLIAM R ALLEN RD and DUFFERIN ST,M3H,8796,2347,40.6,29524.0,1.115532734,16.3
688,MCLEVIN AVE and SEWELLS RD,M1B 4B7,26863,199,38.9,23742.0,1.191561901,17.4
689,MIDLAND AVE and PRUDENTIAL DR,M1P,5420,817,40.5,23548.0,1.15026643,16.1
690,PROGRESS AVE and WILLIAM KITCHEN RD,M1P 2Y6,11310,365,40.5,23548.0,1.15026643,16.1
691,KENNEDY RD and ANTRIM CRES,M1P 4P2,13077,438,40.5,23548.0,1.15026643,16.1
692,BRIMLEY RD and CHILLERY AVE,M1J 1M1,30654,770,38.1,22985.0,1.263093788,19.6
693,PARK HOME AVE and BEECROFT RD,M2N 5W4,10557,187,39.9,26456.0,1.005619293,11.5
694,PARK HOME AVE and SENLAC RD,M2N 1W9,13398,1427,39.9,26456.0,1.005619293,11.5
695,LAWRENCE AVE W and APEX RD,M6A 3B6,8577,660,40.4,25258.0,1.2740088109999999,18.2
696,TAPSCOTT RD and WASHBURN WAY,M1B,15450,535,38.9,23742.0,1.191561901,17.4
697,DANFORTH RD and GLENSHEPHARD DR,M1K 4N6,6144,2752,39.9,23092.0,1.198367859,17.0
698,STEELES AVE E and FERRIER ST,L3R 1K9,10651,77,42.6,23650.0,1.048257373,13.8
699,MCCOWAN RD and ALTON TOWERS CRCL,M1V 5A1,27754,227,42.3,19249.0,1.112898971,14.3
700,ST CLAIR AVE W and GLENHOLME AVE,M6E 1A6,11373,850,41.3,25364.0,1.1050228309999999,14.0
701,LAWRENCE AVE E and OVERTURE RD,M1E 2W4,6392,1398,41.5,25395.0,1.242701969,16.1
702,ISLINGTON AVE and SATTERLY RD,M9L 1E8,13299,233,41.0,22884.0,1.199507389,17.0
703,KING ST W and TECUMSETH ST,M5V 2W9,11973,174,34.2,45581.0,0.990990991,5.1
704,BLOOR ST W and INDIAN RD,M6P 1A6,9966,4831,39.7,34539.0,1.043434848,13.4
705,ST CLAIR AVE E and WESTBOURNE AVE,M1L 1V6,12445,1648,38.3,23496.0,1.151958674,18.6
706,MIDLAND AVE and BROADBENT AVE,M1K 4G4,14074,421,39.9,23092.0,1.198367859,17.0
707,O CONNOR DR and DOHME AVE,M4B 1Y8,10201,659,41.1,27724.0,1.166226913,16.0
708,DUPONT ST and HAMMOND PL,M6G 1Y6,13329,476,41.8,30249.0,1.111254851,11.8
709,KENNEDY RD and FORBES RD,M1P,12582,822,40.5,23548.0,1.15026643,16.1
710,YORK MILLS RD and YONGE ST,M2P,19181,887,43.1,42614.0,1.087954111,13.9
711,MILNER AVE and PROGRESS AVE,M1B,14132,872,38.9,23742.0,1.191561901,17.4
712,COLLEGE ST and HURON ST,M5T 1R2,14371,402,40.3,19920.0,1.240282686,7.4
713,BATHURST ST and COCKSFIELD AVE,M3H 3S1,10110,7346,40.6,29524.0,1.115532734,16.3
714,JANE ST and SHOREHAM DR,M3N 1S5,18171,271,37.0,20562.0,1.393721634,21.2
715,NEILSON RD and CROW TRL,M1B,13069,222,38.9,23742.0,1.191561901,17.4
716,KEELE ST and HUMBERSIDE AVE,M6P,9110,506,39.7,34539.0,1.043434848,13.4
717,EGLINTON AVE W and MATHESON BLVD,M9C,10494,708,44.5,32380.0,1.083333333,13.1
718,JANE ST and SAN ROMANOWAY,M3N 2Y2,17831,2,37.0,20562.0,1.393721634,21.2
719,MARKHAM RD and PASSMORE AVE,M1X,15030,1458,37.1,24013.0,1.103477523,19.0
720,JARVIS ST and MAITLAND PL,M4Y 2H3,23372,47,39.1,32839.0,0.9663716809999999,4.4
721,FINCH AVE E and BIRCHMOUNT RD,M1V,14043,3347,42.3,19249.0,1.112898971,14.3
722,STEELES AVE W and MURRAY ROSS PKWY,L4K 3S2,13963,175,41.5,29373.0,1.051813472,14.9
723,PROGRESS AVE and MARKHAM RD,M1G,22814,181,38.6,21241.0,1.225216065,18.8
724,THE QUEENSWAY and GRAND AVE,M8Y 1K1,7913,341,40.7,36310.0,1.0473856209999999,14.8
725,WILSON AVE and RIDLEY BLVD,M5M 4N8,12464,110,39.1,48777.0,1.1188118809999998,21.1
726,MORNINGSIDE AVE and TEFFT RD,M1E 3E7,13738,1092,41.5,25395.0,1.242701969,16.1
727,ORIOLE PKWY and KILBARRY RD,M5P 1K5,9566,268,42.7,43296.0,1.083775186,12.9
728,FINCH AVE E and BRIDLETOWNE CRCL,M1W,18852,467,44.6,21987.0,1.070969716,13.0
729,EGLINTON AVE E and ROSEMOUNT DR,M1K,15402,101,39.9,23092.0,1.198367859,17.0
730,HARBORD ST and SHAW ST,M6G 3L5,19446,763,41.8,30249.0,1.111254851,11.8
731,COXWELL AVE and PLAINS RD,M4J 2R3,7429,1545,40.4,31118.0,1.1208941609999998,17.3
732,QUEEN ST W and SORAUREN AVE,M6R 1A6,9473,1771,39.4,37178.0,1.059615385,15.6
733,KING ST E and SUMACH ST,M5A,7495,1527,39.3,28885.0,1.258089976,9.8
734,LAKE SHORE BLVD W and LOWER SIMCOE ST,M5J,6068,1153,38.5,47669.0,0.912935323,6.2
735,EGLINTON AVE W and OLD FOREST HILL RD,M5N 2N6,7069,1587,39.8,40021.0,1.115646259,18.5
736,BRIMLEY RD and SHEPPARD AVE E,M1S,15671,860,43.4,20843.0,1.072294023,12.5
737,FINCH AVE W and SENTINEL RD,M3J 2T6,11962,13,38.1,22132.0,1.2233606559999999,14.4
738,DORIS AVE and GREENFIELD AVE,M2N 4T2,20537,262,39.9,26456.0,1.005619293,11.5
739,LESLIE ST and ESTHER SHINER BLVD,M2K,10340,2845,42.9,29936.0,1.015849057,10.9
740,PHARMACY AVE and ROSSCOWAN GT,M1W 1K6,27587,271,44.6,21987.0,1.070969716,13.0
741,SHEPPARD AVE E and MURISON BLVD,M1B 1L3,9768,517,38.9,23742.0,1.191561901,17.4
742,YORK ST and BREMNER BLVD,M5J 0B2,8689,106,38.5,47669.0,0.912935323,6.2
743,KENNEDY RD and COWDRAY CRT,M1S 5C8,15023,12237,43.4,20843.0,1.072294023,12.5
744,KEELE ST and WEST TORONTO ST,M6N 3E2,24995,116,40.3,24517.0,1.174377224,15.4
745,ELLESMERE RD and BIRKDALE RD,M1P 2X4,15305,767,40.5,23548.0,1.15026643,16.1
746,KINGSTON RD and PARKCREST DR,M1M,17317,180,42.6,27311.0,1.14064603,15.5
747,SPADINA AVE and SUSSEX AVE,M5S,20101,361,39.0,26269.0,1.0284237729999999,5.6
748,SPADINA AVE and WILLCOCKS ST,M5S,10680,2639,39.0,26269.0,1.0284237729999999,5.6
749,KENNEDY RD and RANSTONE GDNS,M1K 2G3,9628,5235,39.9,23092.0,1.198367859,17.0
750,MCNICOLL AVE and DYNAMIC DR,M1V 2N2,14562,776,42.3,19249.0,1.112898971,14.3
751,STEELES AVE W and GERRY FITZGERALD DR,M3J 3N2,7738,68,38.1,22132.0,1.2233606559999999,14.4
752,ROYAL YORK RD and EDENBRIDGE DR,M9A 3G2,24942,646,43.2,35071.0,1.118164063,13.4
753,BAYVIEW AVE and POST RD,M2L,12434,86,42.6,37388.0,1.1251533740000002,14.8
754,DUFFERIN ST and ASCOT AVE,M6E 3N9,26528,172,41.3,25364.0,1.1050228309999999,14.0
755,AVENUE RD and CARMICHAEL AVE,M5M 4A8,12211,649,39.1,48777.0,1.1188118809999998,21.1
756,AVENUE RD and LYTTON BLVD,M5N 2G5,20973,714,39.8,40021.0,1.115646259,18.5
757,AVENUE RD and HILLHURST BLVD,M5N 2G3,20236,128,39.8,40021.0,1.115646259,18.5
758,ISLINGTON AVE and CENTRAL PARK RDWY,M9A,16685,438,43.2,35071.0,1.118164063,13.4
759,WILLOWDALE AVE and BYNG AVE,M2N 4K9,17848,1330,39.9,26456.0,1.005619293,11.5
760,ALNESS ST and MARTIN ROSS AVE,M3J 2T8,10548,672,38.1,22132.0,1.2233606559999999,14.4
761,ALNESS ST and SUPERTEST RD,M3J 2M2,10105,76,38.1,22132.0,1.2233606559999999,14.4
762,ELLESMERE RD and PRINCIPAL RD,M1R 0B1,9463,57,41.5,24637.0,1.177477945,15.5
763,TAPSCOTT RD and BLACKWELL AVE,M1B 4Y7,20900,269,38.9,23742.0,1.191561901,17.4
764,DUFFERIN ST and GERRY FITZGERALD DR,M3J 3N4,5901,792,38.1,22132.0,1.2233606559999999,14.4
765,NEILSON RD and LIVONIA PL,M1E 4C9,19133,923,41.5,25395.0,1.242701969,16.1
766,LAWRENCE AVE W and RALPH ST,M9N 1H4,9464,274,39.3,24983.0,1.289189189,17.3
767,FINCH AVE E and WINLOCK PK,M2N 4S2,13103,1585,39.9,26456.0,1.005619293,11.5
768,DUNDAS ST W and MONTROSE AVE,M6J 2V5,16397,195,38.9,31827.0,1.093990755,9.9
770,BEECROFT RD and ELMHURST AVE,M2N 1R3,16364,695,39.9,26456.0,1.005619293,11.5
771,LAKE SHORE BLVD W and PARK LAWN RD,M8V,10844,1092,42.4,32182.0,1.095571096,11.4
772,MARTIN GROVE RD and NOTTINGHILL GT,M9B,12520,316,41.7,35332.0,1.096271826,15.7
773,SHEPPARD AVE E and GRAND MARSHALL DR,M1B 5N6,8033,361,38.9,23742.0,1.191561901,17.4
774,MORNINGSIDE AVE and OLD FINCH AVE,M1X,16800,273,37.1,24013.0,1.103477523,19.0
775,SEWELLS RD and BRENYON WAY,M1B 3G5,10386,102,38.9,23742.0,1.191561901,17.4
776,SHEPPARD AVE E and GATEFORTH DR,M1B 4Z6,5498,409,38.9,23742.0,1.191561901,17.4
777,TAPSCOTT RD and NEWGALE GT,M1X 1A4,10368,323,37.1,24013.0,1.103477523,19.0
778,EGLINTON AVE E and LEBOVIC AVE,M1L,10069,98,38.3,23496.0,1.151958674,18.6
779,DUFFERIN ST and SAMOR RD,M6A 3B2,29467,2191,40.4,25258.0,1.2740088109999999,18.2
780,STEELES AVE W and HIGHWAY 27,M9W,17066,974,39.6,24616.0,1.203563306,16.2
781,MCCOWAN RD and KENHATCH BLVD,M1S 4A2,33940,70,43.4,20843.0,1.072294023,12.5
782,WILSON AVE and RIDGE RD,M3M 1H5,14927,177,40.5,24908.0,1.233552632,16.3
783,KIPLING AVE and GENTHORN AVE,M9W 4L2,15549,742,39.6,24616.0,1.203563306,16.2
784,MEADOWVALE RD and ZOO RD,M1B 5S4,8900,253,38.9,23742.0,1.191561901,17.4
785,ELLESMERE RD and DOLLY VARDEN BLVD,M1H 3G1,5654,2155,39.9,23519.0,1.125239617,15.9
786,OVERLEA BLVD and WILLIAM MORGAN DR,M4H,13825,534,34.1,18947.0,1.204562738,27.4
787,DORIS AVE and EMPRESS AVE,M2N 3T5,14252,1060,39.9,26456.0,1.005619293,11.5
788,YONGE ST and SHUTER ST,M5B 2H1,11120,3553,36.6,28000.0,1.186885246,5.7
789,ISLINGTON AVE and WINNIPEG RD,M9P 2E1,5644,3945,44.9,30562.0,1.15007776,15.0
790,WESTON RD and LAWRENCE AVE W,M9N 3P1,13772,37,39.3,24983.0,1.289189189,17.3
791,PARKSIDE DR and INDIAN VALLEY CRES,M6R,8934,256,39.4,37178.0,1.059615385,15.6
792,PARKSIDE DR and SPRING RD,M6R 2Y7,13710,366,39.4,37178.0,1.059615385,15.6
793,ADELAIDE ST W and BRANT ST,M5V 3C1,13178,237,34.2,45581.0,0.990990991,5.1
795,DUNDAS ST W and SCARLETT RD,M6S,9841,2137,39.8,41745.0,1.0829736209999998,18.1
796,LAKE SHORE BLVD E and NORTHERN DANCER BLVD,M4L 6T1,14306,423,38.9,35864.0,1.1103661679999999,18.0
797,BROADVIEW AVE and HILLSIDE DR,M4K 2M2,13170,390,41.4,33632.0,1.102380952,14.6
798,MIDLAND AVE and LOCKIE AVE,M1S 1R7,8093,362,43.4,20843.0,1.072294023,12.5
799,MCNICOLL AVE and EAGLE POINT RD,M1W 2X4,10076,676,44.6,21987.0,1.070969716,13.0
800,MCNICOLL AVE and SILVER SPRINGS BLVD,M1V,9645,121,42.3,19249.0,1.112898971,14.3
801,ROYAL YORK RD and NEWCASTLE ST,M8Y 2R2,10889,91,40.7,36310.0,1.0473856209999999,14.8
802,MCNICOLL AVE and HAROLD EVANS CRES,M2H 2E1,8244,505,44.9,24239.0,1.0552184470000001,12.6
803,SHEPPARD AVE E and REIDMOUNT AVE,M1S 1S6,7365,464,43.4,20843.0,1.072294023,12.5
804,POYNTZ AVE and BEECROFT RD,M2N 1K4,15001,515,39.9,26456.0,1.005619293,11.5
805,BAYVIEW AVE and TUDOR GT,M2L 1N9,6440,74,42.6,37388.0,1.1251533740000002,14.8
806,KINGSTON RD and BRIMLEY RD S,M1M 1M5,22602,30,42.6,27311.0,1.14064603,15.5
807,EGLINTON AVE E and TORRANCE RD,M1J,18318,144,38.1,22985.0,1.263093788,19.6
808,BRIMLEY RD and GOLDEN GATE CRT,M1P 5B4,20519,1102,40.5,23548.0,1.15026643,16.1
809,LAWRENCE AVE E and BRIDGEPORT DR,M1C,17012,247,42.1,33746.0,1.07523511,14.7
810,EASTERN AVE and COXWELL AVE,M4L 1E5,6264,735,38.9,35864.0,1.1103661679999999,18.0
811,STEELES AVE E and VICTORIA PARK AVE,L3R 1G9,7506,112,42.6,23650.0,1.048257373,13.8
812,VICTORIA PARK AVE and STEELES AVE E,L3R 1G9,28023,410,42.6,23650.0,1.048257373,13.8
813,ANNETTE ST and EVELYN AVE,M6P 1R6,12962,105,39.7,34539.0,1.043434848,13.4
814,THE QUEENSWAY and THE WEST MALL,M9C,7466,1004,44.5,32380.0,1.083333333,13.1
815,OVERLEA BLVD and THORNCLIFFE PARK DR,M4H,21270,101,34.1,18947.0,1.204562738,27.4
816,BLOOR ST W and FORESTVIEW RD,M9C 2A2,10759,675,44.5,32380.0,1.083333333,13.1
817,O CONNOR DR and GLENWOOD CRES,M4B 2S4,10736,249,41.1,27724.0,1.166226913,16.0
818,LAWRENCE AVE W and GLEN RUSH BLVD,M5M 1C4,19267,384,39.1,48777.0,1.1188118809999998,21.1
819,LAWRENCE AVE E and EAST AVE,M1C 5G4,14129,527,42.1,33746.0,1.07523511,14.7
820,WARDEN AVE and MACK AVE,M1L 4S5,3522,1394,38.3,23496.0,1.151958674,18.6
821,THE EAST MALL and CANTLE PATH,M9B 6L5,6587,291,41.7,35332.0,1.096271826,15.7
822,COMMISSIONERS ST and DON ROADWAY,M5A,7316,183,39.3,28885.0,1.258089976,9.8
823,COMMISSIONERS ST and CARLAW AVE,M4M 3N7,4750,21,39.7,32114.0,1.123754153,13.9
824,LESLIE ST and COMMISSIONERS ST,M4M 3C1,5309,28,39.7,32114.0,1.123754153,13.9
825,FRONT ST E and GEORGE ST,M5A 4L9,6556,67,39.3,28885.0,1.258089976,9.8
826,VICTORIA PARK AVE and MUSGRAVE ST,M4E 3T6,7485,6045,40.1,42430.0,1.095512821,17.7
827,DUNDAS ST W and MABELLE AVE,M9A 1B8,12033,1076,43.2,35071.0,1.118164063,13.4
828,FINCH AVE W and WOODBINE DOWNS BLVD,M9W,11830,819,39.6,24616.0,1.203563306,16.2
829,BRENTCLIFFE RD and VANDERHOOF AVE,M4G 4B4,10162,624,41.0,48823.0,1.090981013,18.2
830,DANFORTH AVE and THYRA AVE,M4C 1M7,10837,714,39.4,27685.0,1.100519931,17.2
831,KING ST W and SUDBURY ST,M6J 3W6,12898,3440,38.9,31827.0,1.093990755,9.9
833,KIPLING AVE and LONGFIELD RD,M9B 3E6,18788,456,41.7,35332.0,1.096271826,15.7
834,FINCH AVE W and KIPLING AVE,M9V,11307,313,37.4,21812.0,1.229150013,19.2
835,EASTERN AVE and LARCHMOUNT AVE,M4M 1E6,13132,552,39.7,32114.0,1.123754153,13.9
836,PRINCES BLVD and NUNAVUT RD,M6K 3C3,11098,141,38.4,29348.0,1.172137126,8.9
837,STEELES AVE E and TARBERT RD,L3T 1A8,1485,33,44.2,29455.0,1.03005058,12.8
838,FINCH AVE E and LISZT GT,M2H 1G7,20322,126,44.9,24239.0,1.0552184470000001,12.6
839,THE QUEENSWAY and ISLINGTON AVE,M8Z 1P6,16239,502,41.8,37937.0,1.049382716,14.5
840,DUNDAS ST W and CHELSEA AVE,M6P 1W9,17766,274,39.7,34539.0,1.043434848,13.4
841,QUEEN ST E and SUMACH ST,M5A 1V1,9752,1091,39.3,28885.0,1.258089976,9.8
842,YORK MILLS RD and SCARSDALE RD,M3B,6877,2578,44.7,41725.0,1.04040404,15.3
843,KIPLING AVE and MATTICE AVE,M9B 1T2,19385,675,41.7,35332.0,1.096271826,15.7
844,CALEDONIA RD and RAITHERM RD,M6B 3X9,13922,146,41.3,28048.0,1.13549832,16.4
845,KEELE ST and DOVEHOUSE AVE,M3J 1A1,17328,580,38.1,22132.0,1.2233606559999999,14.4
846,PHARMACY AVE and DOLPHIN DR,M1L 3E9,14554,264,38.3,23496.0,1.151958674,18.6
847,SHERWAY GARDENS RD and GARDINER X W SHERWAY GARDENS RAMP,M9C 1B8,7836,846,44.5,32380.0,1.083333333,13.1
848,EGLINTON AVE E and PRUDHAM GT,M1L 2M6,9713,0,38.3,23496.0,1.151958674,18.6
849,MARTIN GROVE RD and RICHGROVE DR,M9R 0A5,19273,462,40.9,26328.0,1.1907240890000002,18.0
850,WILSON AVE and DUFFERIN ST,M3K,12097,687,42.6,26256.0,1.147959184,14.3
851,DUFFERIN ST and BILLY BISHOP WAY,M3K 1N1,17180,368,42.6,26256.0,1.147959184,14.3
852,ALNESS ST and FLINT RD,M3J 2J1,17472,93,38.1,22132.0,1.2233606559999999,14.4
853,DON MILLS RD and SHEPPARD AVE E,M2J,9916,36,40.3,24285.0,1.049421661,14.8
854,DUNDAS ST W and MANNING AVE,M6J 1V7,19187,656,38.9,31827.0,1.093990755,9.9
855,THE QUEENSWAY and GLENDALE AVE,M6R 1B5,8875,2028,39.4,37178.0,1.059615385,15.6
856,ANNETTE ST and PACIFIC AVE,M6P 1P4,13888,555,39.7,34539.0,1.043434848,13.4
857,SPADINA RD and BURTON RD,M5P 1T7,7493,780,42.7,43296.0,1.083775186,12.9
858,PHARMACY AVE and DEWEY DR,M1R 2J5,7370,282,41.5,24637.0,1.177477945,15.5
859,BATHURST ST and ADELAIDE ST W,M6J 3P1,13103,732,38.9,31827.0,1.093990755,9.9
860,KIPLING AVE and STEVENSON RD,M9V 3A8,11906,2667,37.4,21812.0,1.229150013,19.2
861,ISLINGTON AVE and TITAN RD,M8Z 2L3,19194,1700,41.8,37937.0,1.049382716,14.5
862,MARTIN GROVE RD and PORTERFIELD RD,M9W 7G8,16364,302,39.6,24616.0,1.203563306,16.2
863,BURNHAMTHORPE RD and OLD BURNHAMTHORPE RD,M9C,9656,185,44.5,32380.0,1.083333333,13.1
864,MOUNT PLEASANT RD and GLENGOWAN RD,M4N 1G2,16330,216,42.1,51429.0,1.100719424,17.4
865,DANFORTH AVE and MAIN ST,M4C 1L4,9463,165,39.4,27685.0,1.100519931,17.2
866,KIPLING AVE and GARDINER WB OFF RAMP,M9B,12920,3473,41.7,35332.0,1.096271826,15.7
867,SCARLETT RD and LA ROSE AVE,M9P 2S3,24251,35,44.9,30562.0,1.15007776,15.0
868,THE QUEENSWAY and ALGIE AVE,M8Z 1T3,10826,175,41.8,37937.0,1.049382716,14.5
869,PARLIAMENT ST and MILL ST,M5A 4R2,20221,114,39.3,28885.0,1.258089976,9.8
870,LAWRENCE AVE W and BLOSSOMFIELD DR,M6A 3A5,8833,3658,40.4,25258.0,1.2740088109999999,18.2
871,MIDLAND AVE and BAYLAWN DR,M1S 2L9,15437,568,43.4,20843.0,1.072294023,12.5
872,OAKDALE RD and FINCH AVE W,M3N 1W8,11044,273,37.0,20562.0,1.393721634,21.2
873,MILNER AVE and GRAND MARSHALL DR,M1B 5N8,7394,393,38.9,23742.0,1.191561901,17.4
874,DIXON RD and MCARTHUR ST,M9P 2M1,7500,69,44.9,30562.0,1.15007776,15.0
875,PORT UNION RD and CONFERENCE BLVD,M1C 2L2,15775,710,42.1,33746.0,1.07523511,14.7
876,TAPSCOTT RD and CROW TRL,M1B 2Y8,7603,211,38.9,23742.0,1.191561901,17.4
877,HIGHWAY 27 and ROYALCREST RD,M9V,6725,102,37.4,21812.0,1.229150013,19.2
878,DUNDAS ST E and VICTORIA ST,M5B 2L6,16730,5,36.6,28000.0,1.186885246,5.7
879,KEELE ST and THE POND RD,M3J,8889,10912,38.1,22132.0,1.2233606559999999,14.4
880,WICKSTEED AVE and BRENTCLIFFE RD,M4G 3Y2,10081,203,41.0,48823.0,1.090981013,18.2
881,MARTIN GROVE RD and JEFFCOAT DR,M9W 3C7,8998,277,39.6,24616.0,1.203563306,16.2
882,KING ST W and ATLANTIC AVE,M6K 1X4,10232,137,38.4,29348.0,1.172137126,8.9
883,SHEPPARD AVE E and BARBERRY PL,M2K 1G9,9466,2769,42.9,29936.0,1.015849057,10.9
884,VICTORIA PARK AVE and FARM GREENWAY,M3A,22825,1418,40.0,27357.0,1.194639719,16.8
885,STEELES AVE W and HIDDEN TRL,M2R 3V1,30965,487,43.4,22768.0,1.118441971,13.1
886,QUEEN ST E and BELLEFAIR AVE,M4L 1J1,24345,392,38.9,35864.0,1.1103661679999999,18.0
887,LAKE SHORE BLVD W and FORT YORK BLVD,M5V,10038,3826,34.2,45581.0,0.990990991,5.1
888,FORT YORK BLVD and FLEET ST,M5V,25651,56,34.2,45581.0,0.990990991,5.1
889,BATHURST ST and FORT YORK BLVD,M5V 0C7,7407,517,34.2,45581.0,0.990990991,5.1
890,DUNDAS ST W and CLENDENAN AVE,M6P 1Z8,11653,5808,39.7,34539.0,1.043434848,13.4
891,ALBION RD and CALSTOCK DR,M9V 2N6,11186,1933,37.4,21812.0,1.229150013,19.2
892,O CONNOR DR and FOUR OAKS GT,M4J 2X3,12540,123,40.4,31118.0,1.1208941609999998,17.3
893,O CONNOR DR and TAYLOR DR,M4C 3B4,17289,104,39.4,27685.0,1.100519931,17.2
894,MARKHAM RD and FINCH AVE E,M1B,16176,213,38.9,23742.0,1.191561901,17.4
896,BLOOR ST W and MONTROSE AVE,M6G 3H2,11001,348,41.8,30249.0,1.111254851,11.8
897,DOVERCOURT RD and HEPBOURNE ST,M6H 2W5,7837,1342,39.5,27401.0,1.08311229,11.8
898,ST CLAIR AVE E and FERNDALE AVE,M4T 1L8,6818,1574,44.4,50632.0,1.107883817,13.1
899,LESLIE ST and MOSLEY ST,M4M 3L4,15672,1551,39.7,32114.0,1.123754153,13.9
900,THE QUEENSWAY and SOUTH KINGSWAY LINK RD,M6S 4Y9,10614,836,39.8,41745.0,1.0829736209999998,18.1
901,KINGSTON RD and GLEN MANOR DR,M4E 3Y1,2452,0,40.1,42430.0,1.095512821,17.7
902,BLOOR ST W and BROCK AVE,M6H 1M9,10763,994,39.5,27401.0,1.08311229,11.8
903,DUNDAS ST W and HOWARD PARK AVE,M6R 1W9,12219,2082,39.4,37178.0,1.059615385,15.6
904,OSSINGTON AVE and ACORES AVE,M6G 3W2,11264,926,41.8,30249.0,1.111254851,11.8
905,OSSINGTON AVE and CHURCHILL AVE,M6J,5284,162,38.9,31827.0,1.093990755,9.9
906,EGLINTON AVE W and SATELLITE DR,L4W,6627,830,45.6,31856.0,1.072609633,12.8
907,THE QUEENSWAY and THE EAST MALL,M8Z,16600,145,41.8,37937.0,1.049382716,14.5
908,COMSTOCK RD and LEBOVIC AVE,M1L 4T7,24831,57,38.3,23496.0,1.151958674,18.6
909,MILNER AVE and MURISON BLVD,M1B 3C3,6961,101,38.9,23742.0,1.191561901,17.4
910,SCARLETT RD and EDINBOROUGH CRT,M6N 4K2,9855,842,40.3,24517.0,1.174377224,15.4
912,YONGE ST and SCRIVENER SQ,M4W 2L9,13928,306,45.3,49760.0,1.045380875,10.6
913,DIXON RD and CHETTA PL,M9R 1R9,15189,1027,40.9,26328.0,1.1907240890000002,18.0
914,HUMBER COLLEGE BLVD and WINDWOOD DR,M9W,14480,568,39.6,24616.0,1.203563306,16.2
916,LAWRENCE AVE E and MILDENHALL RD,M4N 3H4,12944,416,42.1,51429.0,1.100719424,17.4
917,KIPLING AVE and MOUNT OLIVE DR,M9V,13912,243,37.4,21812.0,1.229150013,19.2
918,LAKE SHORE BLVD E and WOODBINE AVE,M4L 2A2,9297,584,38.9,35864.0,1.1103661679999999,18.0
919,BROADVIEW AVE and PRETORIA AVE,M4K 2P7,11567,270,41.4,33632.0,1.102380952,14.6
920,ALBION RD and BENSTROW AVE,M9V 2Z9,8937,3215,37.4,21812.0,1.229150013,19.2
921,STEELES AVE E and STAINES RD,M1X 0B1,14762,427,37.1,24013.0,1.103477523,19.0
922,BLOOR ST W and ST THOMAS ST,M5S 1M4,11447,6,39.0,26269.0,1.0284237729999999,5.6
923,SHEPPARD AVE E and BLUE RIDGE RD,M2K 2W5,10428,2023,42.9,29936.0,1.015849057,10.9
924,HORNER AVE and BETA ST,M8W 2B2,17247,395,42.0,32450.0,1.105901374,14.0
925,MCNICOLL AVE and SILVER STAR BLVD,M1V 0E3,6526,350,42.3,19249.0,1.112898971,14.3
926,MARTIN GROVE RD and MILKWOOD AVE,M9V 4J3,12440,251,37.4,21812.0,1.229150013,19.2
927,ALBION RD and KIPLING AVE,M9V,9988,190,37.4,21812.0,1.229150013,19.2
928,RICHMOND ST E and GEORGE ST,M5A 3S9,12281,898,39.3,28885.0,1.258089976,9.8
929,RICHMOND ST E and BERKELEY ST,M5A 2W8,8880,2605,39.3,28885.0,1.258089976,9.8
930,ADELAIDE ST E and GEORGE ST,M5A 3W8,13355,705,39.3,28885.0,1.258089976,9.8
931,ADELAIDE ST E and BERKELEY ST,M5A 2W5,9398,2697,39.3,28885.0,1.258089976,9.8
932,KING ST E and GEORGE ST,M5A 1J5,8428,560,39.3,28885.0,1.258089976,9.8
933,KING ST E and BERKELEY ST,M5A 1K6,6632,11774,39.3,28885.0,1.258089976,9.8
934,FRONT ST E and PRINCESS ST,M5A 4R7,5522,3714,39.3,28885.0,1.258089976,9.8
935,FRONT ST E and BERKELEY ST,M5A 1G1,10245,2092,39.3,28885.0,1.258089976,9.8
936,QUEEN ST W and PALMERSTON AVE,M6J 1E4,10718,1526,38.9,31827.0,1.093990755,9.9
937,SHAW ST and LOBB AVE,M6J,10538,6170,38.9,31827.0,1.093990755,9.9
938,KINGSTON RD and ELMER AVE,M4L 1T9,3069,486,38.9,35864.0,1.1103661679999999,18.0
939,MOUNT PLEASANT RD and ROEHAMPTON AVE,M4P 2L5,11640,579,40.8,36334.0,1.0648508429999999,9.6
940,GATEWAY BLVD and GRENOBLE DR,M3C,13719,3233,41.3,24944.0,1.1416882,16.5
942,DORIS AVE and CHURCH AVE,M2N 0B7,22435,88,39.9,26456.0,1.005619293,11.5
943,STEELES AVE E and 9TH LINE,M1X,10252,3067,37.1,24013.0,1.103477523,19.0
944,STEELES AVE W and SIGNAL HILL AVE,M9W 6V8,11534,4,39.6,24616.0,1.203563306,16.2
945,QUEEN ST W and LANSDOWNE AVE,M6K 1M3,16258,305,38.4,29348.0,1.172137126,8.9
946,FINCH AVE W and BEECROFT RD,M2N 2G8,12715,5387,39.9,26456.0,1.005619293,11.5
947,PROGRESS AVE and SCHICK CRT,M1P 2Z7,15640,1391,40.5,23548.0,1.15026643,16.1
948,KING ST W and SPENCER AVE,M6K 1G8,9468,53,38.4,29348.0,1.172137126,8.9
949,WILLIAM R ALLEN RD and SHEPPARD AVE W,M3K,9259,2198,42.6,26256.0,1.147959184,14.3
950,DUNDAS ST E and ONTARIO ST,M5A 2A6,29471,14,39.3,28885.0,1.258089976,9.8
951,SHEPPARD AVE E and DEAN PARK RD,M1B,6416,2459,38.9,23742.0,1.191561901,17.4
952,BREMNER BLVD and VAN DE WATER CRES,M5V,8809,386,34.2,45581.0,0.990990991,5.1
953,ST CLAIR AVE W and DUNVEGAN RD,M4V,6011,1034,44.9,46582.0,1.038848921,10.3
954,CARLTON ST and ONTARIO ST,M5A 2K7,8398,1071,39.3,28885.0,1.258089976,9.8
955,BRITISH COLUMBIA RD and YUKON PL,M6K 3C3,5057,2058,38.4,29348.0,1.172137126,8.9
956,LAKE SHORE BLVD W and LEGION RD,M8V 0B1,5836,25,42.4,32182.0,1.095571096,11.4
957,BAYVIEW AVE and KILGOUR RD,M4P 2V2,9027,457,40.8,36334.0,1.0648508429999999,9.6
958,BIRCHMOUNT RD and ASHTONBEE RD,M1K,22384,768,39.9,23092.0,1.198367859,17.0
959,WILLIAM R ALLEN RD and RIMROCK RD,M3J 3A6,13113,86,38.1,22132.0,1.2233606559999999,14.4
960,ST GEORGE ST and COLLEGE ST,M5T,23942,326,40.3,19920.0,1.240282686,7.4
961,LAWRENCE AVE W and DUCKWORTH ST,M6L 1C7,4436,7353,41.6,24345.0,1.2265275709999999,16.8
962,PAPE AVE and FLOYD AVE,M4K 3V5,9487,401,41.4,33632.0,1.102380952,14.6
963,ST CLAIR AVE W and TWEEDSMUIR AVE,M5P,8566,2081,42.7,43296.0,1.083775186,12.9
964,MILITARY TRL and MORNINGSIDE AVE,M1C 5J1,11903,1240,42.1,33746.0,1.07523511,14.7
965,LAKE SHORE BLVD W and FIRST ST,M5J,7669,1696,38.5,47669.0,0.912935323,6.2
966,THE QUEENSWAY and HIGH ST,M8Y,7412,642,40.7,36310.0,1.0473856209999999,14.8
967,MCCOWAN RD and LAWRENCE AVE E,M1P,20017,776,40.5,23548.0,1.15026643,16.1
968,THE WESTWAY and WINCOTT DR,M9R 2P9,15900,156,40.9,26328.0,1.1907240890000002,18.0
969,SCARLETT RD and ALMA DR,M9P 1T2,8082,132,44.9,30562.0,1.15007776,15.0
970,HUMBER COLLEGE BLVD and HUMBERLINE DR,M9W,8318,223,39.6,24616.0,1.203563306,16.2
971,ST CLAIR AVE W and SCARLETT RD,M6N 1M2,9641,1295,40.3,24517.0,1.174377224,15.4
972,BIRCHMOUNT RD and NEWLANDS AVE,M1K 1P2,14087,274,39.9,23092.0,1.198367859,17.0
973,CHURCH ST and THE ESPLANADE,M5E 1Y8,7566,896,40.0,50850.0,0.9303482590000001,5.3
974,CHURCH ST and MAITLAND ST,M4Y 2C5,4006,5271,39.1,32839.0,0.9663716809999999,4.4
975,DUNDAS ST W and HUMBER HILL AVE,M6S,8481,8016,39.8,41745.0,1.0829736209999998,18.1
976,ISLINGTON AVE and BERGAMOT AVE,M9W,19085,372,39.6,24616.0,1.203563306,16.2
977,MCCOWAN RD and ELLESMERE RD,M1H,13323,1185,39.9,23519.0,1.125239617,15.9
978,RICHMOND ST W and BRANT ST,M5V 3E7,20670,712,34.2,45581.0,0.990990991,5.1
979,ST CLAIR AVE W and MOULD AVE,M6N 3Z8,5219,773,40.3,24517.0,1.174377224,15.4
980,QUEEN ST E and GLEN MANOR DR,M4E 1J3,13096,834,40.1,42430.0,1.095512821,17.7
981,BLOOR ST E and HUNTLEY ST,M4W,8708,1261,45.3,49760.0,1.045380875,10.6
982,O CONNOR DR and RIVERCOURT BLVD,M4J 2S8,13424,2824,40.4,31118.0,1.1208941609999998,17.3
983,ST CLAIR AVE W and MONDOVI GT,M6N 5C1,7141,212,40.3,24517.0,1.174377224,15.4
984,PROGRESS AVE and BRIMLEY RD,M1P,11724,439,40.5,23548.0,1.15026643,16.1
985,SHEPPARD AVE E and AMETHYST RD,M1T 3K7,21537,775,44.0,21851.0,1.092883549,14.2
986,THE WESTWAY and TREHORNE DR,M9P 1N9,13166,67,44.9,30562.0,1.15007776,15.0
987,MIDLAND AVE and HAVENDALE RD,M1S 1R9,7883,86,43.4,20843.0,1.072294023,12.5
988,STEELES AVE E and REDLEA AVE,M1V 4S5,12449,155,42.3,19249.0,1.112898971,14.3
989,LAKE SHORE BLVD W and PALACE PIER CRT,M8V,18557,1232,42.4,32182.0,1.095571096,11.4
990,CARLTON ST and CHURCH ST,M5B 1J2,6266,100,36.6,28000.0,1.186885246,5.7
991,CHURCH ST and WOOD ST,M4Y 2C2,8517,5760,39.1,32839.0,0.9663716809999999,4.4
992,ALBION RD and STEINWAY BLVD,M9W 6H6,9467,5292,39.6,24616.0,1.203563306,16.2
993,STEELES AVE W and ALNESS ST,L4K 1E8,13276,102,41.5,29373.0,1.051813472,14.9
994,ESTHER SHINER BLVD and PROVOST DR,M2K 1C2,22949,278,42.9,29936.0,1.015849057,10.9
996,ESTHER SHINER BLVD and OLD LESLIE ST,M2K 0A9,7957,0,42.9,29936.0,1.015849057,10.9
997,THE POND RD and IAN MACDONALD BLVD,M3J,4825,151,38.1,22132.0,1.2233606559999999,14.4
998,MCNICOLL AVE and TAPSCOTT RD,M1X 1C3,5073,2414,37.1,24013.0,1.103477523,19.0
999,MCNICOLL AVE and MORNINGSIDE AVE,M1X,10607,22,37.1,24013.0,1.103477523,19.0
1000,MORNINGSIDE AVE and NEILSON DR,M1X 1Z8,8986,9,37.1,24013.0,1.103477523,19.0
1001,MORNINGSIDE AVE and FINCH AVE E,M1X,8262,51,37.1,24013.0,1.103477523,19.0
1002,WARDEN AVE and FINCH AVE E,M1W,10521,275,44.6,21987.0,1.070969716,13.0
1003,PASSMORE AVE and SILVER STAR BLVD,M1V 4S9,10528,438,42.3,19249.0,1.112898971,14.3
1004,KENNEDY RD and HAVENDALE RD,M1T 3H3,8111,91,44.0,21851.0,1.092883549,14.2
1005,BELLAMY RD N and NELSON ST,M1J 2L6,18702,419,38.1,22985.0,1.263093788,19.6
1006,WILLIAM KITCHEN RD and KENNEDY RD,M1P,6586,667,40.5,23548.0,1.15026643,16.1
1007,QUEENS PLATE DR and JANDA CRT,M9W 0A4,7184,133,39.6,24616.0,1.203563306,16.2
1008,MARTIN GROVE RD and LONGBOURNE DR,M9R 3T5,5874,533,40.9,26328.0,1.1907240890000002,18.0
1009,QUEEN ST E and ELMER AVE,M4L 1H7,10896,323,38.9,35864.0,1.1103661679999999,18.0
1010,KIPLING AVE and HAYHURST RD,M9R 2G8,9545,1951,40.9,26328.0,1.1907240890000002,18.0
1011,BELLAMY RD N and BENLEIGH DR,M1H 1K3,8395,231,39.9,23519.0,1.125239617,15.9
1012,VICTORIA PARK AVE and ROWENA DR,M1R 1V1,11700,578,41.5,24637.0,1.177477945,15.5
1013,YONGE ST and BISHOP AVE,M2M,18080,945,43.8,22337.0,1.050952136,10.4
1014,CALEDONIA RD and BENTWORTH AVE,M6A 1P7,24650,4286,40.4,25258.0,1.2740088109999999,18.2
